CellID,Date,File,FileREbefore,FileREafter
2913,2010-02-02,MCD14A1.A2010033.FireMask.tif,3742218_2009-11-26_RE1_3A_627058.tif,3742218_2010-11-03_RE5_3A_627058.tif
2983,2010-02-02,MCD14A1.A2010033.FireMask.tif,3742218_2009-11-26_RE1_3A_627058.tif,3742218_2010-11-03_RE5_3A_627058.tif
2975,2010-12-19,MCD14A1.A2010353.FireMask.tif,3742218_2010-11-03_RE5_3A_627058.tif,3742218_2010-12-20_RE4_3A_627058.tif
3045,2010-12-19,MCD14A1.A2010353.FireMask.tif,3742218_2010-11-03_RE5_3A_627058.tif,3742218_2010-12-20_RE4_3A_627058.tif
3046,2010-12-19,MCD14A1.A2010353.FireMask.tif,3742218_2010-11-03_RE5_3A_627058.tif,3742218_2010-12-20_RE4_3A_627058.tif
3926,2011-01-27,MCD14A1.A2011027.FireMask.tif,3742217_2011-01-10_RE1_3A_627058.tif,3742217_2011-11-20_RE1_3A_627058.tif
2744,2011-02-03,MCD14A1.A2011034.FireMask.tif,3742217_2011-01-10_RE1_3A_627058.tif,3742217_2011-11-20_RE1_3A_627058.tif
2474,2011-02-07,MCD14A1.A2011038.FireMask.tif,3742317_2011-01-10_RE1_3A_627058.tif,3742317_2011-12-07_RE3_3A_627058.tif
2475,2011-02-07,MCD14A1.A2011038.FireMask.tif,3742317_2011-01-10_RE1_3A_627058.tif,3742317_2011-12-07_RE3_3A_627058.tif
2544,2011-02-07,MCD14A1.A2011038.FireMask.tif,3742217_2011-01-10_RE1_3A_627058.tif,3742217_2011-11-20_RE1_3A_627058.tif
2545,2011-02-07,MCD14A1.A2011038.FireMask.tif,3742217_2011-01-10_RE1_3A_627058.tif,3742217_2011-11-20_RE1_3A_627058.tif
2546,2011-02-07,MCD14A1.A2011038.FireMask.tif,3742217_2011-01-10_RE1_3A_627058.tif,3742217_2011-11-20_RE1_3A_627058.tif
2811,2011-02-10,MCD14A1.A2011041.FireMask.tif,3742217_2011-01-10_RE1_3A_627058.tif,3742217_2011-11-20_RE1_3A_627058.tif
2812,2011-02-10,MCD14A1.A2011041.FireMask.tif,3742217_2011-01-10_RE1_3A_627058.tif,3742217_2011-11-20_RE1_3A_627058.tif
3788,2011-02-12,MCD14A1.A2011043.FireMask.tif,3742217_2011-01-10_RE1_3A_627058.tif,3742217_2011-11-20_RE1_3A_627058.tif
2539,2012-01-21,MCD14A1.A2012021.FireMask.tif,3742317_2011-12-07_RE3_3A_627058.tif,3742217_2012-11-10_RE4_3A_627058.tif
2540,2012-01-21,MCD14A1.A2012021.FireMask.tif,3742317_2011-12-07_RE3_3A_627058.tif,3742217_2012-11-10_RE4_3A_627058.tif
2609,2012-01-21,MCD14A1.A2012021.FireMask.tif,3742317_2011-12-07_RE3_3A_627058.tif,3742217_2012-11-10_RE4_3A_627058.tif
2610,2012-01-21,MCD14A1.A2012021.FireMask.tif,3742317_2011-12-07_RE3_3A_627058.tif,3742217_2012-11-10_RE4_3A_627058.tif
2679,2012-01-21,MCD14A1.A2012021.FireMask.tif,3742217_2011-11-20_RE1_3A_627058.tif,3742217_2012-11-10_RE4_3A_627058.tif
3234,2012-02-06,MCD14A1.A2012037.FireMask.tif,3742217_2011-11-20_RE1_3A_627058.tif,3742217_2012-11-10_RE4_3A_627058.tif
3304,2012-02-06,MCD14A1.A2012037.FireMask.tif,3742217_2011-11-20_RE1_3A_627058.tif,3742217_2012-11-10_RE4_3A_627058.tif
3305,2012-02-06,MCD14A1.A2012037.FireMask.tif,3742217_2011-11-20_RE1_3A_627058.tif,3742217_2012-11-10_RE4_3A_627058.tif
2741,2012-02-08,MCD14A1.A2012039.FireMask.tif,3742217_2011-11-20_RE1_3A_627058.tif,3742217_2012-11-10_RE4_3A_627058.tif
3308,2012-02-11,MCD14A1.A2012042.FireMask.tif,3742217_2011-11-20_RE1_3A_627058.tif,3742217_2012-11-10_RE4_3A_627058.tif
3378,2012-02-11,MCD14A1.A2012042.FireMask.tif,3742217_2011-11-20_RE1_3A_627058.tif,3742217_2012-11-10_RE4_3A_627058.tif
3379,2012-02-11,MCD14A1.A2012042.FireMask.tif,3742217_2011-11-20_RE1_3A_627058.tif,3742217_2012-11-10_RE4_3A_627058.tif
3380,2012-02-11,MCD14A1.A2012042.FireMask.tif,3742217_2011-11-20_RE1_3A_627058.tif,3742217_2012-11-10_RE4_3A_627058.tif
3381,2012-02-11,MCD14A1.A2012042.FireMask.tif,3742217_2011-11-20_RE1_3A_627058.tif,3742217_2012-11-10_RE4_3A_627058.tif
3450,2012-02-11,MCD14A1.A2012042.FireMask.tif,3742217_2011-11-20_RE1_3A_627058.tif,3742217_2012-11-10_RE4_3A_627058.tif
3451,2012-02-11,MCD14A1.A2012042.FireMask.tif,3742217_2011-11-20_RE1_3A_627058.tif,3742217_2012-11-10_RE4_3A_627058.tif
2955,2012-02-13,MCD14A1.A2012044.FireMask.tif,3742217_2011-11-20_RE1_3A_627058.tif,3742217_2012-11-10_RE4_3A_627058.tif
2956,2012-02-13,MCD14A1.A2012044.FireMask.tif,3742217_2011-11-20_RE1_3A_627058.tif,3742217_2012-11-10_RE4_3A_627058.tif
3025,2012-02-13,MCD14A1.A2012044.FireMask.tif,3742217_2011-11-20_RE1_3A_627058.tif,3742217_2012-11-10_RE4_3A_627058.tif
3026,2012-02-13,MCD14A1.A2012044.FireMask.tif,3742217_2011-11-20_RE1_3A_627058.tif,3742217_2012-11-10_RE4_3A_627058.tif
3027,2012-02-13,MCD14A1.A2012044.FireMask.tif,3742217_2011-11-20_RE1_3A_627058.tif,3742217_2012-11-10_RE4_3A_627058.tif
3511,2012-02-13,MCD14A1.A2012044.FireMask.tif,3742217_2011-11-20_RE1_3A_627058.tif,3742217_2012-11-10_RE4_3A_627058.tif
3512,2012-02-13,MCD14A1.A2012044.FireMask.tif,3742217_2011-11-20_RE1_3A_627058.tif,3742217_2012-11-10_RE4_3A_627058.tif
3577,2012-02-13,MCD14A1.A2012044.FireMask.tif,3742217_2011-11-20_RE1_3A_627058.tif,3742217_2012-11-10_RE4_3A_627058.tif
3578,2012-02-13,MCD14A1.A2012044.FireMask.tif,3742217_2011-11-20_RE1_3A_627058.tif,3742217_2012-11-10_RE4_3A_627058.tif
3647,2012-02-13,MCD14A1.A2012044.FireMask.tif,3742217_2011-11-20_RE1_3A_627058.tif,3742217_2012-11-10_RE4_3A_627058.tif
2815,2012-02-15,MCD14A1.A2012046.FireMask.tif,3742217_2011-11-20_RE1_3A_627058.tif,3742217_2012-11-10_RE4_3A_627058.tif
2816,2012-02-15,MCD14A1.A2012046.FireMask.tif,3742217_2011-11-20_RE1_3A_627058.tif,3742217_2012-11-10_RE4_3A_627058.tif
2885,2012-02-15,MCD14A1.A2012046.FireMask.tif,3742217_2011-11-20_RE1_3A_627058.tif,3742217_2012-11-10_RE4_3A_627058.tif
2886,2012-02-15,MCD14A1.A2012046.FireMask.tif,3742217_2011-11-20_RE1_3A_627058.tif,3742217_2012-11-10_RE4_3A_627058.tif
2887,2012-02-15,MCD14A1.A2012046.FireMask.tif,3742217_2011-11-20_RE1_3A_627058.tif,3742217_2012-11-10_RE4_3A_627058.tif
2957,2012-02-15,MCD14A1.A2012046.FireMask.tif,3742217_2011-11-20_RE1_3A_627058.tif,3742217_2012-11-10_RE4_3A_627058.tif
3027,2012-02-15,MCD14A1.A2012046.FireMask.tif,3742217_2011-11-20_RE1_3A_627058.tif,3742217_2012-11-10_RE4_3A_627058.tif
3381,2012-02-15,MCD14A1.A2012046.FireMask.tif,3742217_2011-11-20_RE1_3A_627058.tif,3742217_2012-11-10_RE4_3A_627058.tif
3451,2012-02-15,MCD14A1.A2012046.FireMask.tif,3742217_2011-11-20_RE1_3A_627058.tif,3742217_2012-11-10_RE4_3A_627058.tif
2543,2012-03-09,MCD14A1.A2012069.FireMask.tif,3742317_2011-12-07_RE3_3A_627058.tif,3742217_2012-11-10_RE4_3A_627058.tif
2544,2012-03-09,MCD14A1.A2012069.FireMask.tif,3742317_2011-12-07_RE3_3A_627058.tif,3742217_2012-11-10_RE4_3A_627058.tif
2613,2012-03-09,MCD14A1.A2012069.FireMask.tif,3742317_2011-12-07_RE3_3A_627058.tif,3742217_2012-11-10_RE4_3A_627058.tif
2614,2012-03-09,MCD14A1.A2012069.FireMask.tif,3742317_2011-12-07_RE3_3A_627058.tif,3742217_2012-11-10_RE4_3A_627058.tif
2615,2012-03-09,MCD14A1.A2012069.FireMask.tif,3742317_2011-12-07_RE3_3A_627058.tif,3742217_2012-11-10_RE4_3A_627058.tif
2684,2012-03-09,MCD14A1.A2012069.FireMask.tif,3742217_2011-11-20_RE1_3A_627058.tif,3742217_2012-11-10_RE4_3A_627058.tif
3022,2012-03-09,MCD14A1.A2012069.FireMask.tif,3742217_2011-11-20_RE1_3A_627058.tif,3742217_2012-11-10_RE4_3A_627058.tif
3092,2012-03-09,MCD14A1.A2012069.FireMask.tif,3742217_2011-11-20_RE1_3A_627058.tif,3742217_2012-11-10_RE4_3A_627058.tif
3313,2012-03-09,MCD14A1.A2012069.FireMask.tif,3742217_2011-11-20_RE1_3A_627058.tif,3742217_2012-11-10_RE4_3A_627058.tif
3383,2012-03-09,MCD14A1.A2012069.FireMask.tif,3742217_2011-11-20_RE1_3A_627058.tif,3742217_2012-11-10_RE4_3A_627058.tif
2467,2012-03-11,MCD14A1.A2012071.FireMask.tif,3742317_2011-12-07_RE3_3A_627058.tif,3742317_2012-11-10_RE4_3A_627058.tif
2537,2012-03-11,MCD14A1.A2012071.FireMask.tif,3742317_2011-12-07_RE3_3A_627058.tif,3742217_2012-11-10_RE4_3A_627058.tif
2673,2012-03-11,MCD14A1.A2012071.FireMask.tif,3742217_2011-11-20_RE1_3A_627058.tif,3742217_2012-11-10_RE4_3A_627058.tif
2674,2012-03-11,MCD14A1.A2012071.FireMask.tif,3742217_2011-11-20_RE1_3A_627058.tif,3742217_2012-11-10_RE4_3A_627058.tif
2743,2012-03-11,MCD14A1.A2012071.FireMask.tif,3742217_2011-11-20_RE1_3A_627058.tif,3742217_2012-11-10_RE4_3A_627058.tif
2744,2012-03-11,MCD14A1.A2012071.FireMask.tif,3742217_2011-11-20_RE1_3A_627058.tif,3742217_2012-11-10_RE4_3A_627058.tif
2745,2012-03-11,MCD14A1.A2012071.FireMask.tif,3742217_2011-11-20_RE1_3A_627058.tif,3742217_2012-11-10_RE4_3A_627058.tif
2746,2012-03-11,MCD14A1.A2012071.FireMask.tif,3742217_2011-11-20_RE1_3A_627058.tif,3742217_2012-11-10_RE4_3A_627058.tif
2813,2012-03-11,MCD14A1.A2012071.FireMask.tif,3742217_2011-11-20_RE1_3A_627058.tif,3742217_2012-11-10_RE4_3A_627058.tif
2954,2012-03-11,MCD14A1.A2012071.FireMask.tif,3742217_2011-11-20_RE1_3A_627058.tif,3742217_2012-11-10_RE4_3A_627058.tif
2955,2012-03-11,MCD14A1.A2012071.FireMask.tif,3742217_2011-11-20_RE1_3A_627058.tif,3742217_2012-11-10_RE4_3A_627058.tif
3024,2012-03-11,MCD14A1.A2012071.FireMask.tif,3742217_2011-11-20_RE1_3A_627058.tif,3742217_2012-11-10_RE4_3A_627058.tif
3092,2012-03-11,MCD14A1.A2012071.FireMask.tif,3742217_2011-11-20_RE1_3A_627058.tif,3742217_2012-11-10_RE4_3A_627058.tif
3093,2012-03-11,MCD14A1.A2012071.FireMask.tif,3742217_2011-11-20_RE1_3A_627058.tif,3742217_2012-11-10_RE4_3A_627058.tif
3094,2012-03-11,MCD14A1.A2012071.FireMask.tif,3742217_2011-11-20_RE1_3A_627058.tif,3742217_2012-11-10_RE4_3A_627058.tif
3162,2012-03-11,MCD14A1.A2012071.FireMask.tif,3742217_2011-11-20_RE1_3A_627058.tif,3742217_2012-11-10_RE4_3A_627058.tif
2474,2012-03-12,MCD14A1.A2012072.FireMask.tif,3742317_2011-12-07_RE3_3A_627058.tif,3742317_2012-11-10_RE4_3A_627058.tif
2475,2012-03-12,MCD14A1.A2012072.FireMask.tif,3742317_2011-12-07_RE3_3A_627058.tif,3742317_2012-11-10_RE4_3A_627058.tif
2476,2012-03-12,MCD14A1.A2012072.FireMask.tif,3742317_2011-12-07_RE3_3A_627058.tif,3742317_2012-11-10_RE4_3A_627058.tif
2544,2012-03-12,MCD14A1.A2012072.FireMask.tif,3742317_2011-12-07_RE3_3A_627058.tif,3742217_2012-11-10_RE4_3A_627058.tif
2545,2012-03-12,MCD14A1.A2012072.FireMask.tif,3742317_2011-12-07_RE3_3A_627058.tif,3742217_2012-11-10_RE4_3A_627058.tif
2546,2012-03-12,MCD14A1.A2012072.FireMask.tif,3742317_2011-12-07_RE3_3A_627058.tif,3742217_2012-11-10_RE4_3A_627058.tif
2547,2012-03-12,MCD14A1.A2012072.FireMask.tif,3742317_2011-12-07_RE3_3A_627058.tif,3742217_2012-11-10_RE4_3A_627058.tif
2810,2012-03-12,MCD14A1.A2012072.FireMask.tif,3742217_2011-11-20_RE1_3A_627058.tif,3742217_2012-11-10_RE4_3A_627058.tif
2811,2012-03-12,MCD14A1.A2012072.FireMask.tif,3742217_2011-11-20_RE1_3A_627058.tif,3742217_2012-11-10_RE4_3A_627058.tif
2812,2012-03-12,MCD14A1.A2012072.FireMask.tif,3742217_2011-11-20_RE1_3A_627058.tif,3742217_2012-11-10_RE4_3A_627058.tif
2813,2012-03-12,MCD14A1.A2012072.FireMask.tif,3742217_2011-11-20_RE1_3A_627058.tif,3742217_2012-11-10_RE4_3A_627058.tif
2814,2012-03-12,MCD14A1.A2012072.FireMask.tif,3742217_2011-11-20_RE1_3A_627058.tif,3742217_2012-11-10_RE4_3A_627058.tif
2817,2012-03-12,MCD14A1.A2012072.FireMask.tif,3742217_2011-11-20_RE1_3A_627058.tif,3742217_2012-11-10_RE4_3A_627058.tif
2878,2012-03-12,MCD14A1.A2012072.FireMask.tif,3742217_2011-11-20_RE1_3A_627058.tif,3742217_2012-11-10_RE4_3A_627058.tif
2879,2012-03-12,MCD14A1.A2012072.FireMask.tif,3742217_2011-11-20_RE1_3A_627058.tif,3742217_2012-11-10_RE4_3A_627058.tif
2880,2012-03-12,MCD14A1.A2012072.FireMask.tif,3742217_2011-11-20_RE1_3A_627058.tif,3742217_2012-11-10_RE4_3A_627058.tif
2881,2012-03-12,MCD14A1.A2012072.FireMask.tif,3742217_2011-11-20_RE1_3A_627058.tif,3742217_2012-11-10_RE4_3A_627058.tif
2882,2012-03-12,MCD14A1.A2012072.FireMask.tif,3742217_2011-11-20_RE1_3A_627058.tif,3742217_2012-11-10_RE4_3A_627058.tif
2883,2012-03-12,MCD14A1.A2012072.FireMask.tif,3742217_2011-11-20_RE1_3A_627058.tif,3742217_2012-11-10_RE4_3A_627058.tif
2884,2012-03-12,MCD14A1.A2012072.FireMask.tif,3742217_2011-11-20_RE1_3A_627058.tif,3742217_2012-11-10_RE4_3A_627058.tif
2885,2012-03-12,MCD14A1.A2012072.FireMask.tif,3742217_2011-11-20_RE1_3A_627058.tif,3742217_2012-11-10_RE4_3A_627058.tif
2886,2012-03-12,MCD14A1.A2012072.FireMask.tif,3742217_2011-11-20_RE1_3A_627058.tif,3742217_2012-11-10_RE4_3A_627058.tif
2887,2012-03-12,MCD14A1.A2012072.FireMask.tif,3742217_2011-11-20_RE1_3A_627058.tif,3742217_2012-11-10_RE4_3A_627058.tif
2948,2012-03-12,MCD14A1.A2012072.FireMask.tif,3742217_2011-11-20_RE1_3A_627058.tif,3742217_2012-11-10_RE4_3A_627058.tif
2949,2012-03-12,MCD14A1.A2012072.FireMask.tif,3742217_2011-11-20_RE1_3A_627058.tif,3742217_2012-11-10_RE4_3A_627058.tif
2950,2012-03-12,MCD14A1.A2012072.FireMask.tif,3742217_2011-11-20_RE1_3A_627058.tif,3742217_2012-11-10_RE4_3A_627058.tif
2951,2012-03-12,MCD14A1.A2012072.FireMask.tif,3742217_2011-11-20_RE1_3A_627058.tif,3742217_2012-11-10_RE4_3A_627058.tif
2952,2012-03-12,MCD14A1.A2012072.FireMask.tif,3742217_2011-11-20_RE1_3A_627058.tif,3742217_2012-11-10_RE4_3A_627058.tif
2953,2012-03-12,MCD14A1.A2012072.FireMask.tif,3742217_2011-11-20_RE1_3A_627058.tif,3742217_2012-11-10_RE4_3A_627058.tif
2954,2012-03-12,MCD14A1.A2012072.FireMask.tif,3742217_2011-11-20_RE1_3A_627058.tif,3742217_2012-11-10_RE4_3A_627058.tif
2955,2012-03-12,MCD14A1.A2012072.FireMask.tif,3742217_2011-11-20_RE1_3A_627058.tif,3742217_2012-11-10_RE4_3A_627058.tif
3382,2012-03-12,MCD14A1.A2012072.FireMask.tif,3742217_2011-11-20_RE1_3A_627058.tif,3742217_2012-11-10_RE4_3A_627058.tif
3383,2012-03-12,MCD14A1.A2012072.FireMask.tif,3742217_2011-11-20_RE1_3A_627058.tif,3742217_2012-11-10_RE4_3A_627058.tif
3384,2012-03-12,MCD14A1.A2012072.FireMask.tif,3742217_2011-11-20_RE1_3A_627058.tif,3742217_2012-11-10_RE4_3A_627058.tif
3452,2012-03-12,MCD14A1.A2012072.FireMask.tif,3742217_2011-11-20_RE1_3A_627058.tif,3742217_2012-11-10_RE4_3A_627058.tif
3453,2012-03-12,MCD14A1.A2012072.FireMask.tif,3742217_2011-11-20_RE1_3A_627058.tif,3742217_2012-11-10_RE4_3A_627058.tif
3454,2012-03-12,MCD14A1.A2012072.FireMask.tif,3742217_2011-11-20_RE1_3A_627058.tif,3742217_2012-11-10_RE4_3A_627058.tif
3091,2012-03-13,MCD14A1.A2012073.FireMask.tif,3742217_2011-11-20_RE1_3A_627058.tif,3742217_2012-11-10_RE4_3A_627058.tif
3092,2012-03-13,MCD14A1.A2012073.FireMask.tif,3742217_2011-11-20_RE1_3A_627058.tif,3742217_2012-11-10_RE4_3A_627058.tif
3314,2012-03-13,MCD14A1.A2012073.FireMask.tif,3742217_2011-11-20_RE1_3A_627058.tif,3742217_2012-11-10_RE4_3A_627058.tif
3368,2012-03-13,MCD14A1.A2012073.FireMask.tif,3742217_2011-11-20_RE1_3A_627058.tif,3742217_2012-11-10_RE4_3A_627058.tif
3369,2012-03-13,MCD14A1.A2012073.FireMask.tif,3742217_2011-11-20_RE1_3A_627058.tif,3742217_2012-11-10_RE4_3A_627058.tif
3381,2012-03-13,MCD14A1.A2012073.FireMask.tif,3742217_2011-11-20_RE1_3A_627058.tif,3742217_2012-11-10_RE4_3A_627058.tif
3382,2012-03-13,MCD14A1.A2012073.FireMask.tif,3742217_2011-11-20_RE1_3A_627058.tif,3742217_2012-11-10_RE4_3A_627058.tif
3383,2012-03-13,MCD14A1.A2012073.FireMask.tif,3742217_2011-11-20_RE1_3A_627058.tif,3742217_2012-11-10_RE4_3A_627058.tif
3384,2012-03-13,MCD14A1.A2012073.FireMask.tif,3742217_2011-11-20_RE1_3A_627058.tif,3742217_2012-11-10_RE4_3A_627058.tif
3385,2012-03-13,MCD14A1.A2012073.FireMask.tif,3742217_2011-11-20_RE1_3A_627058.tif,3742217_2012-11-10_RE4_3A_627058.tif
3453,2012-03-13,MCD14A1.A2012073.FireMask.tif,3742217_2011-11-20_RE1_3A_627058.tif,3742217_2012-11-10_RE4_3A_627058.tif
3454,2012-03-13,MCD14A1.A2012073.FireMask.tif,3742217_2011-11-20_RE1_3A_627058.tif,3742217_2012-11-10_RE4_3A_627058.tif
3455,2012-03-13,MCD14A1.A2012073.FireMask.tif,3742217_2011-11-20_RE1_3A_627058.tif,3742217_2012-11-10_RE4_3A_627058.tif
3523,2012-03-13,MCD14A1.A2012073.FireMask.tif,3742217_2011-11-20_RE1_3A_627058.tif,3742217_2012-11-10_RE4_3A_627058.tif
2604,2012-03-14,MCD14A1.A2012074.FireMask.tif,3742317_2011-12-07_RE3_3A_627058.tif,3742217_2012-11-10_RE4_3A_627058.tif
2605,2012-03-14,MCD14A1.A2012074.FireMask.tif,3742317_2011-12-07_RE3_3A_627058.tif,3742217_2012-11-10_RE4_3A_627058.tif
2606,2012-03-14,MCD14A1.A2012074.FireMask.tif,3742317_2011-12-07_RE3_3A_627058.tif,3742217_2012-11-10_RE4_3A_627058.tif
2674,2012-03-14,MCD14A1.A2012074.FireMask.tif,3742217_2011-11-20_RE1_3A_627058.tif,3742217_2012-11-10_RE4_3A_627058.tif
2675,2012-03-14,MCD14A1.A2012074.FireMask.tif,3742217_2011-11-20_RE1_3A_627058.tif,3742217_2012-11-10_RE4_3A_627058.tif
2814,2012-03-14,MCD14A1.A2012074.FireMask.tif,3742217_2011-11-20_RE1_3A_627058.tif,3742217_2012-11-10_RE4_3A_627058.tif
2815,2012-03-14,MCD14A1.A2012074.FireMask.tif,3742217_2011-11-20_RE1_3A_627058.tif,3742217_2012-11-10_RE4_3A_627058.tif
2882,2012-03-14,MCD14A1.A2012074.FireMask.tif,3742217_2011-11-20_RE1_3A_627058.tif,3742217_2012-11-10_RE4_3A_627058.tif
2883,2012-03-14,MCD14A1.A2012074.FireMask.tif,3742217_2011-11-20_RE1_3A_627058.tif,3742217_2012-11-10_RE4_3A_627058.tif
2884,2012-03-14,MCD14A1.A2012074.FireMask.tif,3742217_2011-11-20_RE1_3A_627058.tif,3742217_2012-11-10_RE4_3A_627058.tif
2885,2012-03-14,MCD14A1.A2012074.FireMask.tif,3742217_2011-11-20_RE1_3A_627058.tif,3742217_2012-11-10_RE4_3A_627058.tif
3301,2012-03-14,MCD14A1.A2012074.FireMask.tif,3742217_2011-11-20_RE1_3A_627058.tif,3742217_2012-11-10_RE4_3A_627058.tif
3367,2012-03-14,MCD14A1.A2012074.FireMask.tif,3742217_2011-11-20_RE1_3A_627058.tif,3742217_2012-11-10_RE4_3A_627058.tif
3368,2012-03-14,MCD14A1.A2012074.FireMask.tif,3742217_2011-11-20_RE1_3A_627058.tif,3742217_2012-11-10_RE4_3A_627058.tif
3369,2012-03-14,MCD14A1.A2012074.FireMask.tif,3742217_2011-11-20_RE1_3A_627058.tif,3742217_2012-11-10_RE4_3A_627058.tif
3370,2012-03-14,MCD14A1.A2012074.FireMask.tif,3742217_2011-11-20_RE1_3A_627058.tif,3742217_2012-11-10_RE4_3A_627058.tif
3371,2012-03-14,MCD14A1.A2012074.FireMask.tif,3742217_2011-11-20_RE1_3A_627058.tif,3742217_2012-11-10_RE4_3A_627058.tif
3380,2012-03-14,MCD14A1.A2012074.FireMask.tif,3742217_2011-11-20_RE1_3A_627058.tif,3742217_2012-11-10_RE4_3A_627058.tif
3381,2012-03-14,MCD14A1.A2012074.FireMask.tif,3742217_2011-11-20_RE1_3A_627058.tif,3742217_2012-11-10_RE4_3A_627058.tif
3382,2012-03-14,MCD14A1.A2012074.FireMask.tif,3742217_2011-11-20_RE1_3A_627058.tif,3742217_2012-11-10_RE4_3A_627058.tif
3383,2012-03-14,MCD14A1.A2012074.FireMask.tif,3742217_2011-11-20_RE1_3A_627058.tif,3742217_2012-11-10_RE4_3A_627058.tif
3384,2012-03-14,MCD14A1.A2012074.FireMask.tif,3742217_2011-11-20_RE1_3A_627058.tif,3742217_2012-11-10_RE4_3A_627058.tif
3451,2012-03-14,MCD14A1.A2012074.FireMask.tif,3742217_2011-11-20_RE1_3A_627058.tif,3742217_2012-11-10_RE4_3A_627058.tif
3452,2012-03-14,MCD14A1.A2012074.FireMask.tif,3742217_2011-11-20_RE1_3A_627058.tif,3742217_2012-11-10_RE4_3A_627058.tif
3453,2012-03-14,MCD14A1.A2012074.FireMask.tif,3742217_2011-11-20_RE1_3A_627058.tif,3742217_2012-11-10_RE4_3A_627058.tif
3454,2012-03-14,MCD14A1.A2012074.FireMask.tif,3742217_2011-11-20_RE1_3A_627058.tif,3742217_2012-11-10_RE4_3A_627058.tif
3522,2012-03-14,MCD14A1.A2012074.FireMask.tif,3742217_2011-11-20_RE1_3A_627058.tif,3742217_2012-11-10_RE4_3A_627058.tif
2118,2012-03-15,MCD14A1.A2012075.FireMask.tif,3742317_2011-12-07_RE3_3A_627058.tif,3742317_2012-11-10_RE4_3A_627058.tif
2119,2012-03-15,MCD14A1.A2012075.FireMask.tif,3742317_2011-12-07_RE3_3A_627058.tif,3742317_2012-11-10_RE4_3A_627058.tif
2120,2012-03-15,MCD14A1.A2012075.FireMask.tif,3742317_2011-12-07_RE3_3A_627058.tif,3742317_2012-11-10_RE4_3A_627058.tif
2121,2012-03-15,MCD14A1.A2012075.FireMask.tif,3742317_2011-12-07_RE3_3A_627058.tif,3742317_2012-11-10_RE4_3A_627058.tif
2189,2012-03-15,MCD14A1.A2012075.FireMask.tif,3742317_2011-12-07_RE3_3A_627058.tif,3742317_2012-11-10_RE4_3A_627058.tif
2190,2012-03-15,MCD14A1.A2012075.FireMask.tif,3742317_2011-12-07_RE3_3A_627058.tif,3742317_2012-11-10_RE4_3A_627058.tif
2191,2012-03-15,MCD14A1.A2012075.FireMask.tif,3742317_2011-12-07_RE3_3A_627058.tif,3742317_2012-11-10_RE4_3A_627058.tif
3022,2012-03-15,MCD14A1.A2012075.FireMask.tif,3742217_2011-11-20_RE1_3A_627058.tif,3742217_2012-11-10_RE4_3A_627058.tif
3023,2012-03-15,MCD14A1.A2012075.FireMask.tif,3742217_2011-11-20_RE1_3A_627058.tif,3742217_2012-11-10_RE4_3A_627058.tif
3024,2012-03-15,MCD14A1.A2012075.FireMask.tif,3742217_2011-11-20_RE1_3A_627058.tif,3742217_2012-11-10_RE4_3A_627058.tif
3092,2012-03-15,MCD14A1.A2012075.FireMask.tif,3742217_2011-11-20_RE1_3A_627058.tif,3742217_2012-11-10_RE4_3A_627058.tif
3093,2012-03-15,MCD14A1.A2012075.FireMask.tif,3742217_2011-11-20_RE1_3A_627058.tif,3742217_2012-11-10_RE4_3A_627058.tif
3094,2012-03-15,MCD14A1.A2012075.FireMask.tif,3742217_2011-11-20_RE1_3A_627058.tif,3742217_2012-11-10_RE4_3A_627058.tif
3095,2012-03-15,MCD14A1.A2012075.FireMask.tif,3742217_2011-11-20_RE1_3A_627058.tif,3742217_2012-11-10_RE4_3A_627058.tif
3309,2012-03-15,MCD14A1.A2012075.FireMask.tif,3742217_2011-11-20_RE1_3A_627058.tif,3742217_2012-11-10_RE4_3A_627058.tif
3379,2012-03-15,MCD14A1.A2012075.FireMask.tif,3742217_2011-11-20_RE1_3A_627058.tif,3742217_2012-11-10_RE4_3A_627058.tif
3380,2012-03-15,MCD14A1.A2012075.FireMask.tif,3742217_2011-11-20_RE1_3A_627058.tif,3742217_2012-11-10_RE4_3A_627058.tif
3381,2012-03-15,MCD14A1.A2012075.FireMask.tif,3742217_2011-11-20_RE1_3A_627058.tif,3742217_2012-11-10_RE4_3A_627058.tif
3382,2012-03-15,MCD14A1.A2012075.FireMask.tif,3742217_2011-11-20_RE1_3A_627058.tif,3742217_2012-11-10_RE4_3A_627058.tif
3383,2012-03-15,MCD14A1.A2012075.FireMask.tif,3742217_2011-11-20_RE1_3A_627058.tif,3742217_2012-11-10_RE4_3A_627058.tif
3384,2012-03-15,MCD14A1.A2012075.FireMask.tif,3742217_2011-11-20_RE1_3A_627058.tif,3742217_2012-11-10_RE4_3A_627058.tif
3385,2012-03-15,MCD14A1.A2012075.FireMask.tif,3742217_2011-11-20_RE1_3A_627058.tif,3742217_2012-11-10_RE4_3A_627058.tif
3451,2012-03-15,MCD14A1.A2012075.FireMask.tif,3742217_2011-11-20_RE1_3A_627058.tif,3742217_2012-11-10_RE4_3A_627058.tif
3452,2012-03-15,MCD14A1.A2012075.FireMask.tif,3742217_2011-11-20_RE1_3A_627058.tif,3742217_2012-11-10_RE4_3A_627058.tif
3453,2012-03-15,MCD14A1.A2012075.FireMask.tif,3742217_2011-11-20_RE1_3A_627058.tif,3742217_2012-11-10_RE4_3A_627058.tif
3454,2012-03-15,MCD14A1.A2012075.FireMask.tif,3742217_2011-11-20_RE1_3A_627058.tif,3742217_2012-11-10_RE4_3A_627058.tif
3455,2012-03-15,MCD14A1.A2012075.FireMask.tif,3742217_2011-11-20_RE1_3A_627058.tif,3742217_2012-11-10_RE4_3A_627058.tif
1912,2012-03-16,MCD14A1.A2012076.FireMask.tif,3742317_2011-12-07_RE3_3A_627058.tif,3742317_2012-11-10_RE4_3A_627058.tif
2259,2012-03-16,MCD14A1.A2012076.FireMask.tif,3742317_2011-12-07_RE3_3A_627058.tif,3742317_2012-11-10_RE4_3A_627058.tif
2328,2012-03-16,MCD14A1.A2012076.FireMask.tif,3742317_2011-12-07_RE3_3A_627058.tif,3742317_2012-11-10_RE4_3A_627058.tif
2329,2012-03-16,MCD14A1.A2012076.FireMask.tif,3742317_2011-12-07_RE3_3A_627058.tif,3742317_2012-11-10_RE4_3A_627058.tif
2330,2012-03-16,MCD14A1.A2012076.FireMask.tif,3742317_2011-12-07_RE3_3A_627058.tif,3742317_2012-11-10_RE4_3A_627058.tif
2398,2012-03-16,MCD14A1.A2012076.FireMask.tif,3742317_2011-12-07_RE3_3A_627058.tif,3742317_2012-11-10_RE4_3A_627058.tif
2399,2012-03-16,MCD14A1.A2012076.FireMask.tif,3742317_2011-12-07_RE3_3A_627058.tif,3742317_2012-11-10_RE4_3A_627058.tif
2400,2012-03-16,MCD14A1.A2012076.FireMask.tif,3742317_2011-12-07_RE3_3A_627058.tif,3742317_2012-11-10_RE4_3A_627058.tif
2468,2012-03-16,MCD14A1.A2012076.FireMask.tif,3742317_2011-12-07_RE3_3A_627058.tif,3742317_2012-11-10_RE4_3A_627058.tif
2469,2012-03-16,MCD14A1.A2012076.FireMask.tif,3742317_2011-12-07_RE3_3A_627058.tif,3742317_2012-11-10_RE4_3A_627058.tif
2470,2012-03-16,MCD14A1.A2012076.FireMask.tif,3742317_2011-12-07_RE3_3A_627058.tif,3742317_2012-11-10_RE4_3A_627058.tif
2883,2012-03-16,MCD14A1.A2012076.FireMask.tif,3742217_2011-11-20_RE1_3A_627058.tif,3742217_2012-11-10_RE4_3A_627058.tif
2951,2012-03-16,MCD14A1.A2012076.FireMask.tif,3742217_2011-11-20_RE1_3A_627058.tif,3742217_2012-11-10_RE4_3A_627058.tif
2952,2012-03-16,MCD14A1.A2012076.FireMask.tif,3742217_2011-11-20_RE1_3A_627058.tif,3742217_2012-11-10_RE4_3A_627058.tif
2953,2012-03-16,MCD14A1.A2012076.FireMask.tif,3742217_2011-11-20_RE1_3A_627058.tif,3742217_2012-11-10_RE4_3A_627058.tif
3315,2012-03-16,MCD14A1.A2012076.FireMask.tif,3742217_2011-11-20_RE1_3A_627058.tif,3742217_2012-11-10_RE4_3A_627058.tif
3316,2012-03-16,MCD14A1.A2012076.FireMask.tif,3742217_2011-11-20_RE1_3A_627058.tif,3742217_2012-11-10_RE4_3A_627058.tif
3384,2012-03-16,MCD14A1.A2012076.FireMask.tif,3742217_2011-11-20_RE1_3A_627058.tif,3742217_2012-11-10_RE4_3A_627058.tif
3385,2012-03-16,MCD14A1.A2012076.FireMask.tif,3742217_2011-11-20_RE1_3A_627058.tif,3742217_2012-11-10_RE4_3A_627058.tif
3450,2012-03-16,MCD14A1.A2012076.FireMask.tif,3742217_2011-11-20_RE1_3A_627058.tif,3742217_2012-11-10_RE4_3A_627058.tif
3451,2012-03-16,MCD14A1.A2012076.FireMask.tif,3742217_2011-11-20_RE1_3A_627058.tif,3742217_2012-11-10_RE4_3A_627058.tif
3386,2012-03-17,MCD14A1.A2012077.FireMask.tif,3742217_2011-11-20_RE1_3A_627058.tif,3742217_2012-11-10_RE4_3A_627058.tif
3387,2012-03-17,MCD14A1.A2012077.FireMask.tif,3742217_2011-11-20_RE1_3A_627058.tif,3742217_2012-11-10_RE4_3A_627058.tif
3388,2012-03-17,MCD14A1.A2012077.FireMask.tif,3742217_2011-11-20_RE1_3A_627058.tif,3742217_2012-11-10_RE4_3A_627058.tif
3389,2012-03-17,MCD14A1.A2012077.FireMask.tif,3742217_2011-11-20_RE1_3A_627058.tif,3742217_2012-11-10_RE4_3A_627058.tif
3455,2012-03-17,MCD14A1.A2012077.FireMask.tif,3742217_2011-11-20_RE1_3A_627058.tif,3742217_2012-11-10_RE4_3A_627058.tif
3456,2012-03-17,MCD14A1.A2012077.FireMask.tif,3742217_2011-11-20_RE1_3A_627058.tif,3742217_2012-11-10_RE4_3A_627058.tif
3457,2012-03-17,MCD14A1.A2012077.FireMask.tif,3742217_2011-11-20_RE1_3A_627058.tif,3742217_2012-11-10_RE4_3A_627058.tif
3458,2012-03-17,MCD14A1.A2012077.FireMask.tif,3742217_2011-11-20_RE1_3A_627058.tif,3742217_2012-11-10_RE4_3A_627058.tif
3525,2012-03-17,MCD14A1.A2012077.FireMask.tif,3742217_2011-11-20_RE1_3A_627058.tif,3742217_2012-11-10_RE4_3A_627058.tif
3526,2012-03-17,MCD14A1.A2012077.FireMask.tif,3742217_2011-11-20_RE1_3A_627058.tif,3742217_2012-11-10_RE4_3A_627058.tif
3527,2012-03-17,MCD14A1.A2012077.FireMask.tif,3742217_2011-11-20_RE1_3A_627058.tif,3742217_2012-11-10_RE4_3A_627058.tif
3528,2012-03-17,MCD14A1.A2012077.FireMask.tif,3742217_2011-11-20_RE1_3A_627058.tif,3742217_2012-11-10_RE4_3A_627058.tif
3596,2012-03-17,MCD14A1.A2012077.FireMask.tif,3742217_2011-11-20_RE1_3A_627058.tif,3742217_2012-11-10_RE4_3A_627058.tif
3597,2012-03-17,MCD14A1.A2012077.FireMask.tif,3742217_2011-11-20_RE1_3A_627058.tif,3742217_2012-11-10_RE4_3A_627058.tif
3598,2012-03-17,MCD14A1.A2012077.FireMask.tif,3742217_2011-11-20_RE1_3A_627058.tif,3742217_2012-11-10_RE4_3A_627058.tif
3529,2012-03-18,MCD14A1.A2012078.FireMask.tif,3742217_2011-11-20_RE1_3A_627058.tif,3742217_2012-11-10_RE4_3A_627058.tif
1866,2012-03-22,MCD14A1.A2012082.FireMask.tif,3742318_2011-12-07_RE4_3A_628235.tif,3742318_2012-11-03_RE2_3A_627058.tif
1867,2012-03-22,MCD14A1.A2012082.FireMask.tif,3742318_2011-12-07_RE4_3A_628235.tif,3742318_2012-11-03_RE2_3A_627058.tif
1868,2012-03-22,MCD14A1.A2012082.FireMask.tif,3742318_2011-12-07_RE4_3A_628235.tif,3742318_2012-11-03_RE2_3A_627058.tif
1869,2012-03-22,MCD14A1.A2012082.FireMask.tif,3742318_2011-12-07_RE4_3A_628235.tif,3742318_2012-11-03_RE2_3A_627058.tif
1936,2012-03-22,MCD14A1.A2012082.FireMask.tif,3742318_2011-12-07_RE4_3A_628235.tif,3742318_2012-11-03_RE2_3A_627058.tif
1937,2012-03-22,MCD14A1.A2012082.FireMask.tif,3742318_2011-12-07_RE4_3A_628235.tif,3742318_2012-11-03_RE2_3A_627058.tif
1800,2012-03-23,MCD14A1.A2012083.FireMask.tif,3742318_2011-12-07_RE4_3A_628235.tif,3742318_2012-11-03_RE2_3A_627058.tif
1801,2012-03-23,MCD14A1.A2012083.FireMask.tif,3742318_2011-12-07_RE4_3A_628235.tif,3742318_2012-11-03_RE2_3A_627058.tif
1867,2012-03-23,MCD14A1.A2012083.FireMask.tif,3742318_2011-12-07_RE4_3A_628235.tif,3742318_2012-11-03_RE2_3A_627058.tif
1868,2012-03-23,MCD14A1.A2012083.FireMask.tif,3742318_2011-12-07_RE4_3A_628235.tif,3742318_2012-11-03_RE2_3A_627058.tif
1869,2012-03-23,MCD14A1.A2012083.FireMask.tif,3742318_2011-12-07_RE4_3A_628235.tif,3742318_2012-11-03_RE2_3A_627058.tif
1870,2012-03-23,MCD14A1.A2012083.FireMask.tif,3742318_2011-12-07_RE4_3A_628235.tif,3742318_2012-11-03_RE2_3A_627058.tif
1871,2012-03-23,MCD14A1.A2012083.FireMask.tif,3742318_2011-12-07_RE4_3A_628235.tif,3742318_2012-11-03_RE2_3A_627058.tif
2782,2012-03-27,MCD14A1.A2012087.FireMask.tif,3742218_2011-11-20_RE1_3A_627058.tif,3742218_2012-12-13_RE4_3A_627058.tif
2783,2012-03-27,MCD14A1.A2012087.FireMask.tif,3742218_2011-11-20_RE1_3A_627058.tif,3742218_2012-12-13_RE4_3A_627058.tif
2784,2012-03-27,MCD14A1.A2012087.FireMask.tif,3742218_2011-11-20_RE1_3A_627058.tif,3742218_2012-12-13_RE4_3A_627058.tif
2785,2012-03-27,MCD14A1.A2012087.FireMask.tif,3742218_2011-11-20_RE1_3A_627058.tif,3742218_2012-12-13_RE4_3A_627058.tif
3246,2012-03-27,MCD14A1.A2012087.FireMask.tif,3742217_2011-11-20_RE1_3A_627058.tif,3742217_2012-11-10_RE4_3A_627058.tif
3247,2012-03-27,MCD14A1.A2012087.FireMask.tif,3742217_2011-11-20_RE1_3A_627058.tif,3742217_2012-11-10_RE4_3A_627058.tif
1938,2012-03-29,MCD14A1.A2012089.FireMask.tif,3742318_2011-12-07_RE4_3A_628235.tif,3742318_2012-11-03_RE2_3A_627058.tif
1939,2012-03-29,MCD14A1.A2012089.FireMask.tif,3742318_2011-12-07_RE4_3A_628235.tif,3742318_2012-11-03_RE2_3A_627058.tif
1940,2012-03-29,MCD14A1.A2012089.FireMask.tif,3742318_2011-12-07_RE4_3A_628235.tif,3742318_2012-11-03_RE2_3A_627058.tif
1941,2012-03-29,MCD14A1.A2012089.FireMask.tif,3742318_2011-12-07_RE4_3A_628235.tif,3742318_2012-11-03_RE2_3A_627058.tif
2011,2012-03-29,MCD14A1.A2012089.FireMask.tif,3742318_2011-12-07_RE4_3A_628235.tif,3742318_2012-11-03_RE2_3A_627058.tif
3180,2012-05-02,MCD14A1.A2012123.FireMask.tif,3742217_2011-11-20_RE1_3A_627058.tif,3742217_2012-11-10_RE4_3A_627058.tif
3181,2012-05-02,MCD14A1.A2012123.FireMask.tif,3742217_2011-11-20_RE1_3A_627058.tif,3742217_2012-11-10_RE4_3A_627058.tif
3182,2012-05-02,MCD14A1.A2012123.FireMask.tif,3742218_2011-11-20_RE1_3A_627058.tif,3742218_2012-12-13_RE4_3A_627058.tif
3250,2012-05-02,MCD14A1.A2012123.FireMask.tif,3742217_2011-11-20_RE1_3A_627058.tif,3742217_2012-11-10_RE4_3A_627058.tif
3251,2012-05-02,MCD14A1.A2012123.FireMask.tif,3742217_2011-11-20_RE1_3A_627058.tif,3742217_2012-11-10_RE4_3A_627058.tif
3252,2012-05-02,MCD14A1.A2012123.FireMask.tif,3742218_2011-11-20_RE1_3A_627058.tif,3742218_2012-12-13_RE4_3A_627058.tif
3392,2012-05-02,MCD14A1.A2012123.FireMask.tif,3742218_2011-11-20_RE1_3A_627058.tif,3742218_2012-12-13_RE4_3A_627058.tif
3393,2012-05-02,MCD14A1.A2012123.FireMask.tif,3742218_2011-11-20_RE1_3A_627058.tif,3742218_2012-12-13_RE4_3A_627058.tif
3460,2012-05-02,MCD14A1.A2012123.FireMask.tif,3742217_2011-11-20_RE1_3A_627058.tif,3742217_2012-11-10_RE4_3A_627058.tif
3461,2012-05-02,MCD14A1.A2012123.FireMask.tif,3742217_2011-11-20_RE1_3A_627058.tif,3742217_2012-11-10_RE4_3A_627058.tif
3462,2012-05-02,MCD14A1.A2012123.FireMask.tif,3742218_2011-11-20_RE1_3A_627058.tif,3742218_2012-12-13_RE4_3A_627058.tif
3463,2012-05-02,MCD14A1.A2012123.FireMask.tif,3742218_2011-11-20_RE1_3A_627058.tif,3742218_2012-12-13_RE4_3A_627058.tif
3530,2012-05-02,MCD14A1.A2012123.FireMask.tif,3742217_2011-11-20_RE1_3A_627058.tif,3742217_2012-11-10_RE4_3A_627058.tif
3531,2012-05-02,MCD14A1.A2012123.FireMask.tif,3742217_2011-11-20_RE1_3A_627058.tif,3742217_2012-11-10_RE4_3A_627058.tif
3157,2013-02-10,MCD14A1.A2013041.FireMask.tif,3742217_2012-12-13_RE4_3A_628235.tif,3742217_2013-02-20_RE1_3A_627058.tif
3646,2013-02-19,MCD14A1.A2013050.FireMask.tif,3742217_2012-12-13_RE4_3A_628235.tif,3742217_2013-02-20_RE1_3A_627058.tif
3716,2013-02-19,MCD14A1.A2013050.FireMask.tif,3742217_2012-12-13_RE4_3A_628235.tif,3742217_2013-02-20_RE1_3A_627058.tif
3717,2013-02-19,MCD14A1.A2013050.FireMask.tif,3742217_2012-12-13_RE4_3A_628235.tif,3742217_2013-02-20_RE1_3A_627058.tif
1476,2013-03-05,MCD14A1.A2013064.FireMask.tif,3742317_2013-02-20_RE1_3A_627058.tif,3742317_2013-10-29_RE5_3A_627058.tif
1337,2014-03-06,MCD14A1.A2014065.FireMask.tif,3742317_2014-01-05_RE1_3A_627058.tif,3742317_2014-11-11_RE2_3A_627058.tif
1407,2014-03-06,MCD14A1.A2014065.FireMask.tif,3742317_2014-01-05_RE1_3A_627058.tif,3742317_2014-11-11_RE2_3A_627058.tif
1408,2014-03-06,MCD14A1.A2014065.FireMask.tif,3742317_2014-01-05_RE1_3A_627058.tif,3742317_2014-11-11_RE2_3A_627058.tif
1478,2014-03-06,MCD14A1.A2014065.FireMask.tif,3742317_2014-01-05_RE1_3A_627058.tif,3742317_2014-11-11_RE2_3A_627058.tif
3178,2014-06-02,MCD14A1.A2014153.FireMask.tif,3742217_2014-01-17_RE4_3A_627058.tif,3742217_2014-12-22_RE5_3A_629530.tif
3179,2014-06-02,MCD14A1.A2014153.FireMask.tif,3742217_2014-01-17_RE4_3A_627058.tif,3742217_2014-12-22_RE5_3A_629530.tif
3242,2014-06-02,MCD14A1.A2014153.FireMask.tif,3742217_2014-01-17_RE4_3A_627058.tif,3742217_2014-12-22_RE5_3A_629530.tif
3243,2014-06-02,MCD14A1.A2014153.FireMask.tif,3742217_2014-01-17_RE4_3A_627058.tif,3742217_2014-12-22_RE5_3A_629530.tif
3244,2014-06-02,MCD14A1.A2014153.FireMask.tif,3742217_2014-01-17_RE4_3A_627058.tif,3742217_2014-12-22_RE5_3A_629530.tif
3245,2014-06-02,MCD14A1.A2014153.FireMask.tif,3742217_2014-01-17_RE4_3A_627058.tif,3742217_2014-12-22_RE5_3A_629530.tif
3246,2014-06-02,MCD14A1.A2014153.FireMask.tif,3742217_2014-01-17_RE4_3A_627058.tif,3742217_2014-12-22_RE5_3A_629530.tif
3247,2014-06-02,MCD14A1.A2014153.FireMask.tif,3742217_2014-01-17_RE4_3A_627058.tif,3742217_2014-12-22_RE5_3A_629530.tif
3248,2014-06-02,MCD14A1.A2014153.FireMask.tif,3742217_2014-01-17_RE4_3A_627058.tif,3742217_2014-12-22_RE5_3A_629530.tif
3249,2014-06-02,MCD14A1.A2014153.FireMask.tif,3742217_2014-01-17_RE4_3A_627058.tif,3742217_2014-12-22_RE5_3A_629530.tif
3312,2014-06-02,MCD14A1.A2014153.FireMask.tif,3742217_2014-01-17_RE4_3A_627058.tif,3742217_2014-12-22_RE5_3A_629530.tif
3313,2014-06-02,MCD14A1.A2014153.FireMask.tif,3742217_2014-01-17_RE4_3A_627058.tif,3742217_2014-12-22_RE5_3A_629530.tif
3314,2014-06-02,MCD14A1.A2014153.FireMask.tif,3742217_2014-01-17_RE4_3A_627058.tif,3742217_2014-12-22_RE5_3A_629530.tif
3315,2014-06-02,MCD14A1.A2014153.FireMask.tif,3742217_2014-01-17_RE4_3A_627058.tif,3742217_2014-12-22_RE5_3A_629530.tif
3316,2014-06-02,MCD14A1.A2014153.FireMask.tif,3742217_2014-01-17_RE4_3A_627058.tif,3742217_2014-12-22_RE5_3A_629530.tif
3317,2014-06-02,MCD14A1.A2014153.FireMask.tif,3742217_2014-01-17_RE4_3A_627058.tif,3742217_2014-12-22_RE5_3A_629530.tif
3318,2014-06-02,MCD14A1.A2014153.FireMask.tif,3742217_2014-01-17_RE4_3A_627058.tif,3742217_2014-12-22_RE5_3A_629530.tif
3319,2014-06-02,MCD14A1.A2014153.FireMask.tif,3742217_2014-01-17_RE4_3A_627058.tif,3742217_2014-12-22_RE5_3A_629530.tif
3382,2014-06-02,MCD14A1.A2014153.FireMask.tif,3742217_2014-01-17_RE4_3A_627058.tif,3742217_2014-12-22_RE5_3A_629530.tif
3383,2014-06-02,MCD14A1.A2014153.FireMask.tif,3742217_2014-01-17_RE4_3A_627058.tif,3742217_2014-12-22_RE5_3A_629530.tif
3384,2014-06-02,MCD14A1.A2014153.FireMask.tif,3742217_2014-01-17_RE4_3A_627058.tif,3742217_2014-12-22_RE5_3A_629530.tif
3385,2014-06-02,MCD14A1.A2014153.FireMask.tif,3742217_2014-01-17_RE4_3A_627058.tif,3742217_2014-12-22_RE5_3A_629530.tif
3386,2014-06-02,MCD14A1.A2014153.FireMask.tif,3742217_2014-01-17_RE4_3A_627058.tif,3742217_2014-12-22_RE5_3A_629530.tif
3387,2014-06-02,MCD14A1.A2014153.FireMask.tif,3742217_2014-01-17_RE4_3A_627058.tif,3742217_2014-12-22_RE5_3A_629530.tif
3027,2014-06-03,MCD14A1.A2014154.FireMask.tif,3742217_2014-01-17_RE4_3A_627058.tif,3742217_2014-12-22_RE5_3A_629530.tif
3028,2014-06-03,MCD14A1.A2014154.FireMask.tif,3742217_2014-01-17_RE4_3A_627058.tif,3742217_2014-12-22_RE5_3A_629530.tif
2887,2014-06-07,MCD14A1.A2014158.FireMask.tif,3742217_2014-01-17_RE4_3A_627058.tif,3742217_2014-12-22_RE5_3A_629530.tif
2888,2014-06-07,MCD14A1.A2014158.FireMask.tif,3742217_2014-01-17_RE4_3A_627058.tif,3742217_2014-12-22_RE5_3A_629530.tif
3164,2014-11-28,MCD14A1.A2014332.FireMask.tif,3742217_2014-01-17_RE4_3A_627058.tif,3742217_2014-12-22_RE5_3A_629530.tif
3165,2014-11-28,MCD14A1.A2014332.FireMask.tif,3742217_2014-01-17_RE4_3A_627058.tif,3742217_2014-12-22_RE5_3A_629530.tif
3646,2015-01-16,MCD14A1.A2015016.FireMask.tif,3742217_2015-01-08_RE3_3A_627058.tif,3742217_2015-12-09_RE5_3A_627058.tif
3647,2015-01-16,MCD14A1.A2015016.FireMask.tif,3742217_2015-01-08_RE3_3A_627058.tif,3742217_2015-12-09_RE5_3A_627058.tif
3648,2015-01-16,MCD14A1.A2015016.FireMask.tif,3742217_2015-01-08_RE3_3A_627058.tif,3742217_2015-12-09_RE5_3A_627058.tif
3716,2015-01-16,MCD14A1.A2015016.FireMask.tif,3742217_2015-01-08_RE3_3A_627058.tif,3742217_2015-12-09_RE5_3A_627058.tif
3717,2015-01-16,MCD14A1.A2015016.FireMask.tif,3742217_2015-01-08_RE3_3A_627058.tif,3742217_2015-12-09_RE5_3A_627058.tif
3786,2015-01-16,MCD14A1.A2015016.FireMask.tif,3742217_2015-01-08_RE3_3A_627058.tif,3742217_2015-12-09_RE5_3A_627058.tif
3755,2015-01-25,MCD14A1.A2015025.FireMask.tif,3742218_2015-01-08_RE3_3A_627058.tif,3742218_2016-01-02_RE5_3A_627058.tif
3756,2015-01-25,MCD14A1.A2015025.FireMask.tif,3742218_2015-01-08_RE3_3A_627058.tif,3742218_2016-01-02_RE5_3A_627058.tif
3825,2015-01-25,MCD14A1.A2015025.FireMask.tif,3742218_2015-01-08_RE3_3A_627058.tif,3742218_2016-01-02_RE5_3A_627058.tif
3826,2015-01-25,MCD14A1.A2015025.FireMask.tif,3742218_2015-01-08_RE3_3A_627058.tif,3742218_2016-01-02_RE5_3A_627058.tif
3827,2015-01-25,MCD14A1.A2015025.FireMask.tif,3742218_2015-01-08_RE3_3A_627058.tif,3742218_2016-01-02_RE5_3A_627058.tif
3753,2015-01-26,MCD14A1.A2015026.FireMask.tif,3742218_2015-01-08_RE3_3A_627058.tif,3742218_2016-01-02_RE5_3A_627058.tif
3754,2015-01-26,MCD14A1.A2015026.FireMask.tif,3742218_2015-01-08_RE3_3A_627058.tif,3742218_2016-01-02_RE5_3A_627058.tif
3755,2015-01-26,MCD14A1.A2015026.FireMask.tif,3742218_2015-01-08_RE3_3A_627058.tif,3742218_2016-01-02_RE5_3A_627058.tif
3756,2015-01-26,MCD14A1.A2015026.FireMask.tif,3742218_2015-01-08_RE3_3A_627058.tif,3742218_2016-01-02_RE5_3A_627058.tif
3824,2015-01-26,MCD14A1.A2015026.FireMask.tif,3742218_2015-01-08_RE3_3A_627058.tif,3742218_2016-01-02_RE5_3A_627058.tif
3825,2015-01-26,MCD14A1.A2015026.FireMask.tif,3742218_2015-01-08_RE3_3A_627058.tif,3742218_2016-01-02_RE5_3A_627058.tif
3826,2015-01-26,MCD14A1.A2015026.FireMask.tif,3742218_2015-01-08_RE3_3A_627058.tif,3742218_2016-01-02_RE5_3A_627058.tif
3613,2015-01-27,MCD14A1.A2015027.FireMask.tif,3742218_2015-01-08_RE3_3A_627058.tif,3742218_2016-01-02_RE5_3A_627058.tif
3614,2015-01-27,MCD14A1.A2015027.FireMask.tif,3742218_2015-01-08_RE3_3A_627058.tif,3742218_2016-01-02_RE5_3A_627058.tif
3615,2015-01-27,MCD14A1.A2015027.FireMask.tif,3742218_2015-01-08_RE3_3A_627058.tif,3742218_2016-01-02_RE5_3A_627058.tif
3616,2015-01-27,MCD14A1.A2015027.FireMask.tif,3742218_2015-01-08_RE3_3A_627058.tif,3742218_2016-01-02_RE5_3A_627058.tif
3682,2015-01-27,MCD14A1.A2015027.FireMask.tif,3742218_2015-01-08_RE3_3A_627058.tif,3742218_2016-01-02_RE5_3A_627058.tif
3683,2015-01-27,MCD14A1.A2015027.FireMask.tif,3742218_2015-01-08_RE3_3A_627058.tif,3742218_2016-01-02_RE5_3A_627058.tif
3684,2015-01-27,MCD14A1.A2015027.FireMask.tif,3742218_2015-01-08_RE3_3A_627058.tif,3742218_2016-01-02_RE5_3A_627058.tif
3685,2015-01-27,MCD14A1.A2015027.FireMask.tif,3742218_2015-01-08_RE3_3A_627058.tif,3742218_2016-01-02_RE5_3A_627058.tif
3686,2015-01-27,MCD14A1.A2015027.FireMask.tif,3742218_2015-01-08_RE3_3A_627058.tif,3742218_2016-01-02_RE5_3A_627058.tif
3752,2015-01-27,MCD14A1.A2015027.FireMask.tif,3742218_2015-01-08_RE3_3A_627058.tif,3742218_2016-01-02_RE5_3A_627058.tif
3753,2015-01-27,MCD14A1.A2015027.FireMask.tif,3742218_2015-01-08_RE3_3A_627058.tif,3742218_2016-01-02_RE5_3A_627058.tif
3754,2015-01-27,MCD14A1.A2015027.FireMask.tif,3742218_2015-01-08_RE3_3A_627058.tif,3742218_2016-01-02_RE5_3A_627058.tif
3755,2015-01-27,MCD14A1.A2015027.FireMask.tif,3742218_2015-01-08_RE3_3A_627058.tif,3742218_2016-01-02_RE5_3A_627058.tif
3756,2015-01-27,MCD14A1.A2015027.FireMask.tif,3742218_2015-01-08_RE3_3A_627058.tif,3742218_2016-01-02_RE5_3A_627058.tif
3757,2015-01-27,MCD14A1.A2015027.FireMask.tif,3742218_2015-01-08_RE3_3A_627058.tif,3742218_2016-01-02_RE5_3A_627058.tif
3822,2015-01-27,MCD14A1.A2015027.FireMask.tif,3742218_2015-01-08_RE3_3A_627058.tif,3742218_2016-01-02_RE5_3A_627058.tif
3823,2015-01-27,MCD14A1.A2015027.FireMask.tif,3742218_2015-01-08_RE3_3A_627058.tif,3742218_2016-01-02_RE5_3A_627058.tif
3824,2015-01-27,MCD14A1.A2015027.FireMask.tif,3742218_2015-01-08_RE3_3A_627058.tif,3742218_2016-01-02_RE5_3A_627058.tif
3610,2015-01-28,MCD14A1.A2015028.FireMask.tif,3742218_2015-01-08_RE3_3A_627058.tif,3742218_2016-01-02_RE5_3A_627058.tif
3611,2015-01-28,MCD14A1.A2015028.FireMask.tif,3742218_2015-01-08_RE3_3A_627058.tif,3742218_2016-01-02_RE5_3A_627058.tif
3612,2015-01-28,MCD14A1.A2015028.FireMask.tif,3742218_2015-01-08_RE3_3A_627058.tif,3742218_2016-01-02_RE5_3A_627058.tif
3613,2015-01-28,MCD14A1.A2015028.FireMask.tif,3742218_2015-01-08_RE3_3A_627058.tif,3742218_2016-01-02_RE5_3A_627058.tif
3679,2015-01-28,MCD14A1.A2015028.FireMask.tif,3742218_2015-01-08_RE3_3A_627058.tif,3742218_2016-01-02_RE5_3A_627058.tif
3680,2015-01-28,MCD14A1.A2015028.FireMask.tif,3742218_2015-01-08_RE3_3A_627058.tif,3742218_2016-01-02_RE5_3A_627058.tif
3681,2015-01-28,MCD14A1.A2015028.FireMask.tif,3742218_2015-01-08_RE3_3A_627058.tif,3742218_2016-01-02_RE5_3A_627058.tif
3682,2015-01-28,MCD14A1.A2015028.FireMask.tif,3742218_2015-01-08_RE3_3A_627058.tif,3742218_2016-01-02_RE5_3A_627058.tif
3683,2015-01-28,MCD14A1.A2015028.FireMask.tif,3742218_2015-01-08_RE3_3A_627058.tif,3742218_2016-01-02_RE5_3A_627058.tif
3684,2015-01-28,MCD14A1.A2015028.FireMask.tif,3742218_2015-01-08_RE3_3A_627058.tif,3742218_2016-01-02_RE5_3A_627058.tif
3749,2015-01-28,MCD14A1.A2015028.FireMask.tif,3742218_2015-01-08_RE3_3A_627058.tif,3742218_2016-01-02_RE5_3A_627058.tif
3750,2015-01-28,MCD14A1.A2015028.FireMask.tif,3742218_2015-01-08_RE3_3A_627058.tif,3742218_2016-01-02_RE5_3A_627058.tif
3751,2015-01-28,MCD14A1.A2015028.FireMask.tif,3742218_2015-01-08_RE3_3A_627058.tif,3742218_2016-01-02_RE5_3A_627058.tif
3752,2015-01-28,MCD14A1.A2015028.FireMask.tif,3742218_2015-01-08_RE3_3A_627058.tif,3742218_2016-01-02_RE5_3A_627058.tif
3753,2015-01-28,MCD14A1.A2015028.FireMask.tif,3742218_2015-01-08_RE3_3A_627058.tif,3742218_2016-01-02_RE5_3A_627058.tif
3754,2015-01-28,MCD14A1.A2015028.FireMask.tif,3742218_2015-01-08_RE3_3A_627058.tif,3742218_2016-01-02_RE5_3A_627058.tif
3756,2015-01-28,MCD14A1.A2015028.FireMask.tif,3742218_2015-01-08_RE3_3A_627058.tif,3742218_2016-01-02_RE5_3A_627058.tif
3757,2015-01-28,MCD14A1.A2015028.FireMask.tif,3742218_2015-01-08_RE3_3A_627058.tif,3742218_2016-01-02_RE5_3A_627058.tif
3758,2015-01-28,MCD14A1.A2015028.FireMask.tif,3742218_2015-01-08_RE3_3A_627058.tif,3742218_2016-01-02_RE5_3A_627058.tif
3825,2015-01-28,MCD14A1.A2015028.FireMask.tif,3742218_2015-01-08_RE3_3A_627058.tif,3742218_2016-01-02_RE5_3A_627058.tif
3826,2015-01-28,MCD14A1.A2015028.FireMask.tif,3742218_2015-01-08_RE3_3A_627058.tif,3742218_2016-01-02_RE5_3A_627058.tif
3827,2015-01-28,MCD14A1.A2015028.FireMask.tif,3742218_2015-01-08_RE3_3A_627058.tif,3742218_2016-01-02_RE5_3A_627058.tif
3828,2015-01-28,MCD14A1.A2015028.FireMask.tif,3742218_2015-01-08_RE3_3A_627058.tif,3742218_2016-01-02_RE5_3A_627058.tif
3895,2015-01-28,MCD14A1.A2015028.FireMask.tif,3742218_2015-01-08_RE3_3A_627058.tif,3742218_2016-01-02_RE5_3A_627058.tif
3512,2015-01-29,MCD14A1.A2015029.FireMask.tif,3742217_2015-01-08_RE3_3A_627058.tif,3742217_2015-12-09_RE5_3A_627058.tif
2690,2015-02-04,MCD14A1.A2015035.FireMask.tif,3742217_2015-01-08_RE3_3A_627058.tif,3742217_2015-12-09_RE5_3A_627058.tif
2691,2015-02-04,MCD14A1.A2015035.FireMask.tif,3742217_2015-01-08_RE3_3A_627058.tif,3742217_2015-12-09_RE5_3A_627058.tif
2692,2015-02-04,MCD14A1.A2015035.FireMask.tif,3742218_2015-01-08_RE3_3A_627058.tif,3742218_2016-01-02_RE5_3A_627058.tif
2760,2015-02-04,MCD14A1.A2015035.FireMask.tif,3742217_2015-01-08_RE3_3A_627058.tif,3742217_2015-12-09_RE5_3A_627058.tif
2761,2015-02-04,MCD14A1.A2015035.FireMask.tif,3742217_2015-01-08_RE3_3A_627058.tif,3742217_2015-12-09_RE5_3A_627058.tif
2762,2015-02-04,MCD14A1.A2015035.FireMask.tif,3742218_2015-01-08_RE3_3A_627058.tif,3742218_2016-01-02_RE5_3A_627058.tif
3506,2015-02-08,MCD14A1.A2015039.FireMask.tif,3742217_2015-01-08_RE3_3A_627058.tif,3742217_2015-12-09_RE5_3A_627058.tif
3507,2015-02-08,MCD14A1.A2015039.FireMask.tif,3742217_2015-01-08_RE3_3A_627058.tif,3742217_2015-12-09_RE5_3A_627058.tif
3508,2015-02-08,MCD14A1.A2015039.FireMask.tif,3742217_2015-01-08_RE3_3A_627058.tif,3742217_2015-12-09_RE5_3A_627058.tif
3576,2015-02-08,MCD14A1.A2015039.FireMask.tif,3742217_2015-01-08_RE3_3A_627058.tif,3742217_2015-12-09_RE5_3A_627058.tif
3577,2015-02-08,MCD14A1.A2015039.FireMask.tif,3742217_2015-01-08_RE3_3A_627058.tif,3742217_2015-12-09_RE5_3A_627058.tif
3578,2015-02-08,MCD14A1.A2015039.FireMask.tif,3742217_2015-01-08_RE3_3A_627058.tif,3742217_2015-12-09_RE5_3A_627058.tif
3579,2015-02-08,MCD14A1.A2015039.FireMask.tif,3742217_2015-01-08_RE3_3A_627058.tif,3742217_2015-12-09_RE5_3A_627058.tif
3646,2015-02-08,MCD14A1.A2015039.FireMask.tif,3742217_2015-01-08_RE3_3A_627058.tif,3742217_2015-12-09_RE5_3A_627058.tif
3647,2015-02-08,MCD14A1.A2015039.FireMask.tif,3742217_2015-01-08_RE3_3A_627058.tif,3742217_2015-12-09_RE5_3A_627058.tif
3648,2015-02-08,MCD14A1.A2015039.FireMask.tif,3742217_2015-01-08_RE3_3A_627058.tif,3742217_2015-12-09_RE5_3A_627058.tif
3926,2015-02-12,MCD14A1.A2015043.FireMask.tif,3742217_2015-01-08_RE3_3A_627058.tif,3742217_2015-12-09_RE5_3A_627058.tif
3927,2015-02-12,MCD14A1.A2015043.FireMask.tif,3742217_2015-01-08_RE3_3A_627058.tif,3742217_2015-12-09_RE5_3A_627058.tif
3514,2015-03-02,MCD14A1.A2015061.FireMask.tif,3742217_2015-01-08_RE3_3A_627058.tif,3742217_2015-12-09_RE5_3A_627058.tif
3577,2015-03-02,MCD14A1.A2015061.FireMask.tif,3742217_2015-01-08_RE3_3A_627058.tif,3742217_2015-12-09_RE5_3A_627058.tif
3578,2015-03-02,MCD14A1.A2015061.FireMask.tif,3742217_2015-01-08_RE3_3A_627058.tif,3742217_2015-12-09_RE5_3A_627058.tif
3647,2015-03-02,MCD14A1.A2015061.FireMask.tif,3742217_2015-01-08_RE3_3A_627058.tif,3742217_2015-12-09_RE5_3A_627058.tif
3648,2015-03-02,MCD14A1.A2015061.FireMask.tif,3742217_2015-01-08_RE3_3A_627058.tif,3742217_2015-12-09_RE5_3A_627058.tif
3717,2015-03-02,MCD14A1.A2015061.FireMask.tif,3742217_2015-01-08_RE3_3A_627058.tif,3742217_2015-12-09_RE5_3A_627058.tif
3857,2015-03-02,MCD14A1.A2015061.FireMask.tif,3742217_2015-01-08_RE3_3A_627058.tif,3742217_2015-12-09_RE5_3A_627058.tif
4392,2015-03-02,MCD14A1.A2015061.FireMask.tif,3742218_2015-01-08_RE3_3A_627058.tif,3742218_2016-01-02_RE5_3A_627058.tif
4393,2015-03-02,MCD14A1.A2015061.FireMask.tif,3742218_2015-01-08_RE3_3A_627058.tif,3742218_2016-01-02_RE5_3A_627058.tif
4394,2015-03-02,MCD14A1.A2015061.FireMask.tif,3742218_2015-01-08_RE3_3A_627058.tif,3742218_2016-01-02_RE5_3A_627058.tif
4395,2015-03-02,MCD14A1.A2015061.FireMask.tif,3742218_2015-01-08_RE3_3A_627058.tif,3742218_2016-01-02_RE5_3A_627058.tif
3602,2015-03-03,MCD14A1.A2015062.FireMask.tif,3742218_2015-01-08_RE3_3A_627058.tif,3742218_2016-01-02_RE5_3A_627058.tif
3603,2015-03-03,MCD14A1.A2015062.FireMask.tif,3742218_2015-01-08_RE3_3A_627058.tif,3742218_2016-01-02_RE5_3A_627058.tif
3604,2015-03-03,MCD14A1.A2015062.FireMask.tif,3742218_2015-01-08_RE3_3A_627058.tif,3742218_2016-01-02_RE5_3A_627058.tif
3605,2015-03-03,MCD14A1.A2015062.FireMask.tif,3742218_2015-01-08_RE3_3A_627058.tif,3742218_2016-01-02_RE5_3A_627058.tif
3672,2015-03-03,MCD14A1.A2015062.FireMask.tif,3742218_2015-01-08_RE3_3A_627058.tif,3742218_2016-01-02_RE5_3A_627058.tif
3673,2015-03-03,MCD14A1.A2015062.FireMask.tif,3742218_2015-01-08_RE3_3A_627058.tif,3742218_2016-01-02_RE5_3A_627058.tif
3674,2015-03-03,MCD14A1.A2015062.FireMask.tif,3742218_2015-01-08_RE3_3A_627058.tif,3742218_2016-01-02_RE5_3A_627058.tif
3675,2015-03-03,MCD14A1.A2015062.FireMask.tif,3742218_2015-01-08_RE3_3A_627058.tif,3742218_2016-01-02_RE5_3A_627058.tif
3676,2015-03-03,MCD14A1.A2015062.FireMask.tif,3742218_2015-01-08_RE3_3A_627058.tif,3742218_2016-01-02_RE5_3A_627058.tif
3677,2015-03-03,MCD14A1.A2015062.FireMask.tif,3742218_2015-01-08_RE3_3A_627058.tif,3742218_2016-01-02_RE5_3A_627058.tif
3678,2015-03-03,MCD14A1.A2015062.FireMask.tif,3742218_2015-01-08_RE3_3A_627058.tif,3742218_2016-01-02_RE5_3A_627058.tif
3679,2015-03-03,MCD14A1.A2015062.FireMask.tif,3742218_2015-01-08_RE3_3A_627058.tif,3742218_2016-01-02_RE5_3A_627058.tif
3680,2015-03-03,MCD14A1.A2015062.FireMask.tif,3742218_2015-01-08_RE3_3A_627058.tif,3742218_2016-01-02_RE5_3A_627058.tif
3681,2015-03-03,MCD14A1.A2015062.FireMask.tif,3742218_2015-01-08_RE3_3A_627058.tif,3742218_2016-01-02_RE5_3A_627058.tif
3682,2015-03-03,MCD14A1.A2015062.FireMask.tif,3742218_2015-01-08_RE3_3A_627058.tif,3742218_2016-01-02_RE5_3A_627058.tif
3744,2015-03-03,MCD14A1.A2015062.FireMask.tif,3742218_2015-01-08_RE3_3A_627058.tif,3742218_2016-01-02_RE5_3A_627058.tif
3745,2015-03-03,MCD14A1.A2015062.FireMask.tif,3742218_2015-01-08_RE3_3A_627058.tif,3742218_2016-01-02_RE5_3A_627058.tif
3746,2015-03-03,MCD14A1.A2015062.FireMask.tif,3742218_2015-01-08_RE3_3A_627058.tif,3742218_2016-01-02_RE5_3A_627058.tif
3747,2015-03-03,MCD14A1.A2015062.FireMask.tif,3742218_2015-01-08_RE3_3A_627058.tif,3742218_2016-01-02_RE5_3A_627058.tif
3748,2015-03-03,MCD14A1.A2015062.FireMask.tif,3742218_2015-01-08_RE3_3A_627058.tif,3742218_2016-01-02_RE5_3A_627058.tif
3749,2015-03-03,MCD14A1.A2015062.FireMask.tif,3742218_2015-01-08_RE3_3A_627058.tif,3742218_2016-01-02_RE5_3A_627058.tif
3750,2015-03-03,MCD14A1.A2015062.FireMask.tif,3742218_2015-01-08_RE3_3A_627058.tif,3742218_2016-01-02_RE5_3A_627058.tif
3751,2015-03-03,MCD14A1.A2015062.FireMask.tif,3742218_2015-01-08_RE3_3A_627058.tif,3742218_2016-01-02_RE5_3A_627058.tif
3752,2015-03-03,MCD14A1.A2015062.FireMask.tif,3742218_2015-01-08_RE3_3A_627058.tif,3742218_2016-01-02_RE5_3A_627058.tif
4036,2015-03-03,MCD14A1.A2015062.FireMask.tif,3742218_2015-01-08_RE3_3A_627058.tif,3742218_2016-01-02_RE5_3A_627058.tif
4037,2015-03-03,MCD14A1.A2015062.FireMask.tif,3742218_2015-01-08_RE3_3A_627058.tif,3742218_2016-01-02_RE5_3A_627058.tif
4038,2015-03-03,MCD14A1.A2015062.FireMask.tif,3742218_2015-01-08_RE3_3A_627058.tif,3742218_2016-01-02_RE5_3A_627058.tif
4039,2015-03-03,MCD14A1.A2015062.FireMask.tif,3742218_2015-01-08_RE3_3A_627058.tif,3742218_2016-01-02_RE5_3A_627058.tif
4040,2015-03-03,MCD14A1.A2015062.FireMask.tif,3742218_2015-01-08_RE3_3A_627058.tif,3742218_2016-01-02_RE5_3A_627058.tif
4041,2015-03-03,MCD14A1.A2015062.FireMask.tif,3742218_2015-01-08_RE3_3A_627058.tif,3742218_2016-01-02_RE5_3A_627058.tif
4106,2015-03-03,MCD14A1.A2015062.FireMask.tif,3742218_2015-01-08_RE3_3A_627058.tif,3742218_2016-01-02_RE5_3A_627058.tif
4107,2015-03-03,MCD14A1.A2015062.FireMask.tif,3742218_2015-01-08_RE3_3A_627058.tif,3742218_2016-01-02_RE5_3A_627058.tif
4108,2015-03-03,MCD14A1.A2015062.FireMask.tif,3742218_2015-01-08_RE3_3A_627058.tif,3742218_2016-01-02_RE5_3A_627058.tif
4109,2015-03-03,MCD14A1.A2015062.FireMask.tif,3742218_2015-01-08_RE3_3A_627058.tif,3742218_2016-01-02_RE5_3A_627058.tif
4110,2015-03-03,MCD14A1.A2015062.FireMask.tif,3742218_2015-01-08_RE3_3A_627058.tif,3742218_2016-01-02_RE5_3A_627058.tif
4111,2015-03-03,MCD14A1.A2015062.FireMask.tif,3742218_2015-01-08_RE3_3A_627058.tif,3742218_2016-01-02_RE5_3A_627058.tif
4177,2015-03-03,MCD14A1.A2015062.FireMask.tif,3742218_2015-01-08_RE3_3A_627058.tif,3742218_2016-01-02_RE5_3A_627058.tif
4178,2015-03-03,MCD14A1.A2015062.FireMask.tif,3742218_2015-01-08_RE3_3A_627058.tif,3742218_2016-01-02_RE5_3A_627058.tif
4179,2015-03-03,MCD14A1.A2015062.FireMask.tif,3742218_2015-01-08_RE3_3A_627058.tif,3742218_2016-01-02_RE5_3A_627058.tif
4180,2015-03-03,MCD14A1.A2015062.FireMask.tif,3742218_2015-01-08_RE3_3A_627058.tif,3742218_2016-01-02_RE5_3A_627058.tif
4181,2015-03-03,MCD14A1.A2015062.FireMask.tif,3742218_2015-01-08_RE3_3A_627058.tif,3742218_2016-01-02_RE5_3A_627058.tif
4248,2015-03-03,MCD14A1.A2015062.FireMask.tif,3742218_2015-01-08_RE3_3A_627058.tif,3742218_2016-01-02_RE5_3A_627058.tif
4249,2015-03-03,MCD14A1.A2015062.FireMask.tif,3742218_2015-01-08_RE3_3A_627058.tif,3742218_2016-01-02_RE5_3A_627058.tif
4250,2015-03-03,MCD14A1.A2015062.FireMask.tif,3742218_2015-01-08_RE3_3A_627058.tif,3742218_2016-01-02_RE5_3A_627058.tif
4251,2015-03-03,MCD14A1.A2015062.FireMask.tif,3742218_2015-01-08_RE3_3A_627058.tif,3742218_2016-01-02_RE5_3A_627058.tif
4319,2015-03-03,MCD14A1.A2015062.FireMask.tif,3742218_2015-01-08_RE3_3A_627058.tif,3742218_2016-01-02_RE5_3A_627058.tif
4320,2015-03-03,MCD14A1.A2015062.FireMask.tif,3742218_2015-01-08_RE3_3A_627058.tif,3742218_2016-01-02_RE5_3A_627058.tif
4321,2015-03-03,MCD14A1.A2015062.FireMask.tif,3742218_2015-01-08_RE3_3A_627058.tif,3742218_2016-01-02_RE5_3A_627058.tif
1864,2015-03-04,MCD14A1.A2015063.FireMask.tif,3742318_2014-11-11_RE2_3A_627058.tif,3742318_2015-03-11_RE3_3A_627058.tif
1934,2015-03-04,MCD14A1.A2015063.FireMask.tif,3742318_2014-11-11_RE2_3A_627058.tif,3742318_2015-03-11_RE3_3A_627058.tif
1935,2015-03-04,MCD14A1.A2015063.FireMask.tif,3742318_2014-11-11_RE2_3A_627058.tif,3742318_2015-03-11_RE3_3A_627058.tif
2003,2015-03-04,MCD14A1.A2015063.FireMask.tif,3742318_2014-11-11_RE2_3A_627058.tif,3742318_2015-03-11_RE3_3A_627058.tif
2004,2015-03-04,MCD14A1.A2015063.FireMask.tif,3742318_2014-11-11_RE2_3A_627058.tif,3742318_2015-03-11_RE3_3A_627058.tif
2005,2015-03-04,MCD14A1.A2015063.FireMask.tif,3742318_2014-11-11_RE2_3A_627058.tif,3742318_2015-03-11_RE3_3A_627058.tif
2211,2015-03-04,MCD14A1.A2015063.FireMask.tif,3742318_2014-11-11_RE2_3A_627058.tif,3742318_2015-03-11_RE3_3A_627058.tif
2212,2015-03-04,MCD14A1.A2015063.FireMask.tif,3742318_2014-11-11_RE2_3A_627058.tif,3742318_2015-03-11_RE3_3A_627058.tif
2213,2015-03-04,MCD14A1.A2015063.FireMask.tif,3742318_2014-11-11_RE2_3A_627058.tif,3742318_2015-03-11_RE3_3A_627058.tif
2214,2015-03-04,MCD14A1.A2015063.FireMask.tif,3742318_2014-11-11_RE2_3A_627058.tif,3742318_2015-03-11_RE3_3A_627058.tif
2215,2015-03-04,MCD14A1.A2015063.FireMask.tif,3742318_2014-11-11_RE2_3A_627058.tif,3742318_2015-03-11_RE3_3A_627058.tif
2219,2015-03-04,MCD14A1.A2015063.FireMask.tif,3742318_2014-11-11_RE2_3A_627058.tif,3742318_2015-03-11_RE3_3A_627058.tif
2220,2015-03-04,MCD14A1.A2015063.FireMask.tif,3742318_2014-11-11_RE2_3A_627058.tif,3742318_2015-03-11_RE3_3A_627058.tif
2221,2015-03-04,MCD14A1.A2015063.FireMask.tif,3742318_2014-11-11_RE2_3A_627058.tif,3742318_2015-03-11_RE3_3A_627058.tif
2281,2015-03-04,MCD14A1.A2015063.FireMask.tif,3742318_2014-11-11_RE2_3A_627058.tif,3742318_2015-03-11_RE3_3A_627058.tif
2282,2015-03-04,MCD14A1.A2015063.FireMask.tif,3742318_2014-11-11_RE2_3A_627058.tif,3742318_2015-03-11_RE3_3A_627058.tif
2283,2015-03-04,MCD14A1.A2015063.FireMask.tif,3742318_2014-11-11_RE2_3A_627058.tif,3742318_2015-03-11_RE3_3A_627058.tif
2284,2015-03-04,MCD14A1.A2015063.FireMask.tif,3742318_2014-11-11_RE2_3A_627058.tif,3742318_2015-03-11_RE3_3A_627058.tif
2289,2015-03-04,MCD14A1.A2015063.FireMask.tif,3742318_2014-11-11_RE2_3A_627058.tif,3742318_2015-03-11_RE3_3A_627058.tif
2290,2015-03-04,MCD14A1.A2015063.FireMask.tif,3742318_2014-11-11_RE2_3A_627058.tif,3742318_2015-03-11_RE3_3A_627058.tif
2291,2015-03-04,MCD14A1.A2015063.FireMask.tif,3742318_2014-11-11_RE2_3A_627058.tif,3742318_2015-03-11_RE3_3A_627058.tif
2358,2015-03-04,MCD14A1.A2015063.FireMask.tif,3742318_2014-11-11_RE2_3A_627058.tif,3742318_2015-03-11_RE3_3A_627058.tif
2359,2015-03-04,MCD14A1.A2015063.FireMask.tif,3742318_2014-11-11_RE2_3A_627058.tif,3742318_2015-03-11_RE3_3A_627058.tif
2360,2015-03-04,MCD14A1.A2015063.FireMask.tif,3742318_2014-11-11_RE2_3A_627058.tif,3742318_2015-03-11_RE3_3A_627058.tif
2361,2015-03-04,MCD14A1.A2015063.FireMask.tif,3742318_2014-11-11_RE2_3A_627058.tif,3742318_2015-03-11_RE3_3A_627058.tif
2428,2015-03-04,MCD14A1.A2015063.FireMask.tif,3742318_2014-11-11_RE2_3A_627058.tif,3742318_2015-03-11_RE3_3A_627058.tif
2429,2015-03-04,MCD14A1.A2015063.FireMask.tif,3742318_2014-11-11_RE2_3A_627058.tif,3742318_2015-03-11_RE3_3A_627058.tif
2430,2015-03-04,MCD14A1.A2015063.FireMask.tif,3742318_2014-11-11_RE2_3A_627058.tif,3742318_2015-03-11_RE3_3A_627058.tif
2431,2015-03-04,MCD14A1.A2015063.FireMask.tif,3742318_2014-11-11_RE2_3A_627058.tif,3742318_2015-03-11_RE3_3A_627058.tif
2498,2015-03-04,MCD14A1.A2015063.FireMask.tif,3742318_2014-11-11_RE2_3A_627058.tif,3742318_2015-03-11_RE3_3A_627058.tif
2499,2015-03-04,MCD14A1.A2015063.FireMask.tif,3742318_2014-11-11_RE2_3A_627058.tif,3742318_2015-03-11_RE3_3A_627058.tif
2500,2015-03-04,MCD14A1.A2015063.FireMask.tif,3742318_2014-11-11_RE2_3A_627058.tif,3742318_2015-03-11_RE3_3A_627058.tif
2569,2015-03-04,MCD14A1.A2015063.FireMask.tif,3742218_2015-01-08_RE3_3A_627058.tif,3742318_2015-03-11_RE3_3A_627058.tif
2570,2015-03-04,MCD14A1.A2015063.FireMask.tif,3742218_2015-01-08_RE3_3A_627058.tif,3742318_2015-03-11_RE3_3A_627058.tif
2954,2015-03-04,MCD14A1.A2015063.FireMask.tif,3742217_2015-01-08_RE3_3A_627058.tif,3742217_2015-12-09_RE5_3A_627058.tif
3022,2015-03-04,MCD14A1.A2015063.FireMask.tif,3742217_2015-01-08_RE3_3A_627058.tif,3742217_2015-12-09_RE5_3A_627058.tif
3023,2015-03-04,MCD14A1.A2015063.FireMask.tif,3742217_2015-01-08_RE3_3A_627058.tif,3742217_2015-12-09_RE5_3A_627058.tif
3092,2015-03-04,MCD14A1.A2015063.FireMask.tif,3742217_2015-01-08_RE3_3A_627058.tif,3742217_2015-12-09_RE5_3A_627058.tif
3093,2015-03-04,MCD14A1.A2015063.FireMask.tif,3742217_2015-01-08_RE3_3A_627058.tif,3742217_2015-12-09_RE5_3A_627058.tif
3094,2015-03-04,MCD14A1.A2015063.FireMask.tif,3742217_2015-01-08_RE3_3A_627058.tif,3742217_2015-12-09_RE5_3A_627058.tif
3095,2015-03-04,MCD14A1.A2015063.FireMask.tif,3742217_2015-01-08_RE3_3A_627058.tif,3742217_2015-12-09_RE5_3A_627058.tif
3234,2015-03-04,MCD14A1.A2015063.FireMask.tif,3742217_2015-01-08_RE3_3A_627058.tif,3742217_2015-12-09_RE5_3A_627058.tif
3235,2015-03-04,MCD14A1.A2015063.FireMask.tif,3742217_2015-01-08_RE3_3A_627058.tif,3742217_2015-12-09_RE5_3A_627058.tif
3236,2015-03-04,MCD14A1.A2015063.FireMask.tif,3742217_2015-01-08_RE3_3A_627058.tif,3742217_2015-12-09_RE5_3A_627058.tif
3443,2015-03-04,MCD14A1.A2015063.FireMask.tif,3742217_2015-01-08_RE3_3A_627058.tif,3742217_2015-12-09_RE5_3A_627058.tif
3444,2015-03-04,MCD14A1.A2015063.FireMask.tif,3742217_2015-01-08_RE3_3A_627058.tif,3742217_2015-12-09_RE5_3A_627058.tif
3445,2015-03-04,MCD14A1.A2015063.FireMask.tif,3742217_2015-01-08_RE3_3A_627058.tif,3742217_2015-12-09_RE5_3A_627058.tif
3447,2015-03-04,MCD14A1.A2015063.FireMask.tif,3742217_2015-01-08_RE3_3A_627058.tif,3742217_2015-12-09_RE5_3A_627058.tif
3510,2015-03-04,MCD14A1.A2015063.FireMask.tif,3742217_2015-01-08_RE3_3A_627058.tif,3742217_2015-12-09_RE5_3A_627058.tif
3513,2015-03-04,MCD14A1.A2015063.FireMask.tif,3742217_2015-01-08_RE3_3A_627058.tif,3742217_2015-12-09_RE5_3A_627058.tif
3514,2015-03-04,MCD14A1.A2015063.FireMask.tif,3742217_2015-01-08_RE3_3A_627058.tif,3742217_2015-12-09_RE5_3A_627058.tif
3516,2015-03-04,MCD14A1.A2015063.FireMask.tif,3742217_2015-01-08_RE3_3A_627058.tif,3742217_2015-12-09_RE5_3A_627058.tif
3517,2015-03-04,MCD14A1.A2015063.FireMask.tif,3742217_2015-01-08_RE3_3A_627058.tif,3742217_2015-12-09_RE5_3A_627058.tif
3537,2015-03-04,MCD14A1.A2015063.FireMask.tif,3742218_2015-01-08_RE3_3A_627058.tif,3742218_2016-01-02_RE5_3A_627058.tif
3538,2015-03-04,MCD14A1.A2015063.FireMask.tif,3742218_2015-01-08_RE3_3A_627058.tif,3742218_2016-01-02_RE5_3A_627058.tif
3539,2015-03-04,MCD14A1.A2015063.FireMask.tif,3742218_2015-01-08_RE3_3A_627058.tif,3742218_2016-01-02_RE5_3A_627058.tif
3577,2015-03-04,MCD14A1.A2015063.FireMask.tif,3742217_2015-01-08_RE3_3A_627058.tif,3742217_2015-12-09_RE5_3A_627058.tif
3578,2015-03-04,MCD14A1.A2015063.FireMask.tif,3742217_2015-01-08_RE3_3A_627058.tif,3742217_2015-12-09_RE5_3A_627058.tif
3579,2015-03-04,MCD14A1.A2015063.FireMask.tif,3742217_2015-01-08_RE3_3A_627058.tif,3742217_2015-12-09_RE5_3A_627058.tif
3580,2015-03-04,MCD14A1.A2015063.FireMask.tif,3742217_2015-01-08_RE3_3A_627058.tif,3742217_2015-12-09_RE5_3A_627058.tif
3605,2015-03-04,MCD14A1.A2015063.FireMask.tif,3742218_2015-01-08_RE3_3A_627058.tif,3742218_2016-01-02_RE5_3A_627058.tif
3606,2015-03-04,MCD14A1.A2015063.FireMask.tif,3742218_2015-01-08_RE3_3A_627058.tif,3742218_2016-01-02_RE5_3A_627058.tif
3607,2015-03-04,MCD14A1.A2015063.FireMask.tif,3742218_2015-01-08_RE3_3A_627058.tif,3742218_2016-01-02_RE5_3A_627058.tif
3608,2015-03-04,MCD14A1.A2015063.FireMask.tif,3742218_2015-01-08_RE3_3A_627058.tif,3742218_2016-01-02_RE5_3A_627058.tif
3609,2015-03-04,MCD14A1.A2015063.FireMask.tif,3742218_2015-01-08_RE3_3A_627058.tif,3742218_2016-01-02_RE5_3A_627058.tif
3610,2015-03-04,MCD14A1.A2015063.FireMask.tif,3742218_2015-01-08_RE3_3A_627058.tif,3742218_2016-01-02_RE5_3A_627058.tif
3611,2015-03-04,MCD14A1.A2015063.FireMask.tif,3742218_2015-01-08_RE3_3A_627058.tif,3742218_2016-01-02_RE5_3A_627058.tif
3648,2015-03-04,MCD14A1.A2015063.FireMask.tif,3742217_2015-01-08_RE3_3A_627058.tif,3742217_2015-12-09_RE5_3A_627058.tif
3676,2015-03-04,MCD14A1.A2015063.FireMask.tif,3742218_2015-01-08_RE3_3A_627058.tif,3742218_2016-01-02_RE5_3A_627058.tif
3677,2015-03-04,MCD14A1.A2015063.FireMask.tif,3742218_2015-01-08_RE3_3A_627058.tif,3742218_2016-01-02_RE5_3A_627058.tif
3678,2015-03-04,MCD14A1.A2015063.FireMask.tif,3742218_2015-01-08_RE3_3A_627058.tif,3742218_2016-01-02_RE5_3A_627058.tif
3679,2015-03-04,MCD14A1.A2015063.FireMask.tif,3742218_2015-01-08_RE3_3A_627058.tif,3742218_2016-01-02_RE5_3A_627058.tif
3680,2015-03-04,MCD14A1.A2015063.FireMask.tif,3742218_2015-01-08_RE3_3A_627058.tif,3742218_2016-01-02_RE5_3A_627058.tif
3681,2015-03-04,MCD14A1.A2015063.FireMask.tif,3742218_2015-01-08_RE3_3A_627058.tif,3742218_2016-01-02_RE5_3A_627058.tif
3718,2015-03-04,MCD14A1.A2015063.FireMask.tif,3742217_2015-01-08_RE3_3A_627058.tif,3742217_2015-12-09_RE5_3A_627058.tif
3746,2015-03-04,MCD14A1.A2015063.FireMask.tif,3742218_2015-01-08_RE3_3A_627058.tif,3742218_2016-01-02_RE5_3A_627058.tif
3747,2015-03-04,MCD14A1.A2015063.FireMask.tif,3742218_2015-01-08_RE3_3A_627058.tif,3742218_2016-01-02_RE5_3A_627058.tif
3748,2015-03-04,MCD14A1.A2015063.FireMask.tif,3742218_2015-01-08_RE3_3A_627058.tif,3742218_2016-01-02_RE5_3A_627058.tif
3749,2015-03-04,MCD14A1.A2015063.FireMask.tif,3742218_2015-01-08_RE3_3A_627058.tif,3742218_2016-01-02_RE5_3A_627058.tif
3750,2015-03-04,MCD14A1.A2015063.FireMask.tif,3742218_2015-01-08_RE3_3A_627058.tif,3742218_2016-01-02_RE5_3A_627058.tif
3751,2015-03-04,MCD14A1.A2015063.FireMask.tif,3742218_2015-01-08_RE3_3A_627058.tif,3742218_2016-01-02_RE5_3A_627058.tif
3815,2015-03-04,MCD14A1.A2015063.FireMask.tif,3742218_2015-01-08_RE3_3A_627058.tif,3742218_2016-01-02_RE5_3A_627058.tif
3817,2015-03-04,MCD14A1.A2015063.FireMask.tif,3742218_2015-01-08_RE3_3A_627058.tif,3742218_2016-01-02_RE5_3A_627058.tif
3819,2015-03-04,MCD14A1.A2015063.FireMask.tif,3742218_2015-01-08_RE3_3A_627058.tif,3742218_2016-01-02_RE5_3A_627058.tif
3820,2015-03-04,MCD14A1.A2015063.FireMask.tif,3742218_2015-01-08_RE3_3A_627058.tif,3742218_2016-01-02_RE5_3A_627058.tif
3821,2015-03-04,MCD14A1.A2015063.FireMask.tif,3742218_2015-01-08_RE3_3A_627058.tif,3742218_2016-01-02_RE5_3A_627058.tif
3885,2015-03-04,MCD14A1.A2015063.FireMask.tif,3742218_2015-01-08_RE3_3A_627058.tif,3742218_2016-01-02_RE5_3A_627058.tif
3886,2015-03-04,MCD14A1.A2015063.FireMask.tif,3742218_2015-01-08_RE3_3A_627058.tif,3742218_2016-01-02_RE5_3A_627058.tif
3955,2015-03-04,MCD14A1.A2015063.FireMask.tif,3742218_2015-01-08_RE3_3A_627058.tif,3742218_2016-01-02_RE5_3A_627058.tif
3956,2015-03-04,MCD14A1.A2015063.FireMask.tif,3742218_2015-01-08_RE3_3A_627058.tif,3742218_2016-01-02_RE5_3A_627058.tif
3957,2015-03-04,MCD14A1.A2015063.FireMask.tif,3742218_2015-01-08_RE3_3A_627058.tif,3742218_2016-01-02_RE5_3A_627058.tif
3958,2015-03-04,MCD14A1.A2015063.FireMask.tif,3742218_2015-01-08_RE3_3A_627058.tif,3742218_2016-01-02_RE5_3A_627058.tif
3996,2015-03-04,MCD14A1.A2015063.FireMask.tif,3742217_2015-01-08_RE3_3A_627058.tif,3742217_2015-12-09_RE5_3A_627058.tif
3997,2015-03-04,MCD14A1.A2015063.FireMask.tif,3742217_2015-01-08_RE3_3A_627058.tif,3742217_2015-12-09_RE5_3A_627058.tif
4024,2015-03-04,MCD14A1.A2015063.FireMask.tif,3742218_2015-01-08_RE3_3A_627058.tif,3742218_2016-01-02_RE5_3A_627058.tif
4025,2015-03-04,MCD14A1.A2015063.FireMask.tif,3742218_2015-01-08_RE3_3A_627058.tif,3742218_2016-01-02_RE5_3A_627058.tif
4026,2015-03-04,MCD14A1.A2015063.FireMask.tif,3742218_2015-01-08_RE3_3A_627058.tif,3742218_2016-01-02_RE5_3A_627058.tif
4027,2015-03-04,MCD14A1.A2015063.FireMask.tif,3742218_2015-01-08_RE3_3A_627058.tif,3742218_2016-01-02_RE5_3A_627058.tif
4028,2015-03-04,MCD14A1.A2015063.FireMask.tif,3742218_2015-01-08_RE3_3A_627058.tif,3742218_2016-01-02_RE5_3A_627058.tif
4032,2015-03-04,MCD14A1.A2015063.FireMask.tif,3742218_2015-01-08_RE3_3A_627058.tif,3742218_2016-01-02_RE5_3A_627058.tif
4033,2015-03-04,MCD14A1.A2015063.FireMask.tif,3742218_2015-01-08_RE3_3A_627058.tif,3742218_2016-01-02_RE5_3A_627058.tif
4034,2015-03-04,MCD14A1.A2015063.FireMask.tif,3742218_2015-01-08_RE3_3A_627058.tif,3742218_2016-01-02_RE5_3A_627058.tif
4035,2015-03-04,MCD14A1.A2015063.FireMask.tif,3742218_2015-01-08_RE3_3A_627058.tif,3742218_2016-01-02_RE5_3A_627058.tif
4102,2015-03-04,MCD14A1.A2015063.FireMask.tif,3742218_2015-01-08_RE3_3A_627058.tif,3742218_2016-01-02_RE5_3A_627058.tif
4103,2015-03-04,MCD14A1.A2015063.FireMask.tif,3742218_2015-01-08_RE3_3A_627058.tif,3742218_2016-01-02_RE5_3A_627058.tif
4104,2015-03-04,MCD14A1.A2015063.FireMask.tif,3742218_2015-01-08_RE3_3A_627058.tif,3742218_2016-01-02_RE5_3A_627058.tif
4105,2015-03-04,MCD14A1.A2015063.FireMask.tif,3742218_2015-01-08_RE3_3A_627058.tif,3742218_2016-01-02_RE5_3A_627058.tif
4106,2015-03-04,MCD14A1.A2015063.FireMask.tif,3742218_2015-01-08_RE3_3A_627058.tif,3742218_2016-01-02_RE5_3A_627058.tif
4107,2015-03-04,MCD14A1.A2015063.FireMask.tif,3742218_2015-01-08_RE3_3A_627058.tif,3742218_2016-01-02_RE5_3A_627058.tif
4172,2015-03-04,MCD14A1.A2015063.FireMask.tif,3742218_2015-01-08_RE3_3A_627058.tif,3742218_2016-01-02_RE5_3A_627058.tif
4173,2015-03-04,MCD14A1.A2015063.FireMask.tif,3742218_2015-01-08_RE3_3A_627058.tif,3742218_2016-01-02_RE5_3A_627058.tif
4174,2015-03-04,MCD14A1.A2015063.FireMask.tif,3742218_2015-01-08_RE3_3A_627058.tif,3742218_2016-01-02_RE5_3A_627058.tif
4175,2015-03-04,MCD14A1.A2015063.FireMask.tif,3742218_2015-01-08_RE3_3A_627058.tif,3742218_2016-01-02_RE5_3A_627058.tif
4176,2015-03-04,MCD14A1.A2015063.FireMask.tif,3742218_2015-01-08_RE3_3A_627058.tif,3742218_2016-01-02_RE5_3A_627058.tif
4177,2015-03-04,MCD14A1.A2015063.FireMask.tif,3742218_2015-01-08_RE3_3A_627058.tif,3742218_2016-01-02_RE5_3A_627058.tif
4178,2015-03-04,MCD14A1.A2015063.FireMask.tif,3742218_2015-01-08_RE3_3A_627058.tif,3742218_2016-01-02_RE5_3A_627058.tif
4179,2015-03-04,MCD14A1.A2015063.FireMask.tif,3742218_2015-01-08_RE3_3A_627058.tif,3742218_2016-01-02_RE5_3A_627058.tif
4242,2015-03-04,MCD14A1.A2015063.FireMask.tif,3742218_2015-01-08_RE3_3A_627058.tif,3742218_2016-01-02_RE5_3A_627058.tif
4243,2015-03-04,MCD14A1.A2015063.FireMask.tif,3742218_2015-01-08_RE3_3A_627058.tif,3742218_2016-01-02_RE5_3A_627058.tif
4244,2015-03-04,MCD14A1.A2015063.FireMask.tif,3742218_2015-01-08_RE3_3A_627058.tif,3742218_2016-01-02_RE5_3A_627058.tif
4245,2015-03-04,MCD14A1.A2015063.FireMask.tif,3742218_2015-01-08_RE3_3A_627058.tif,3742218_2016-01-02_RE5_3A_627058.tif
4246,2015-03-04,MCD14A1.A2015063.FireMask.tif,3742218_2015-01-08_RE3_3A_627058.tif,3742218_2016-01-02_RE5_3A_627058.tif
4247,2015-03-04,MCD14A1.A2015063.FireMask.tif,3742218_2015-01-08_RE3_3A_627058.tif,3742218_2016-01-02_RE5_3A_627058.tif
4248,2015-03-04,MCD14A1.A2015063.FireMask.tif,3742218_2015-01-08_RE3_3A_627058.tif,3742218_2016-01-02_RE5_3A_627058.tif
4249,2015-03-04,MCD14A1.A2015063.FireMask.tif,3742218_2015-01-08_RE3_3A_627058.tif,3742218_2016-01-02_RE5_3A_627058.tif
4312,2015-03-04,MCD14A1.A2015063.FireMask.tif,3742218_2015-01-08_RE3_3A_627058.tif,3742218_2016-01-02_RE5_3A_627058.tif
4313,2015-03-04,MCD14A1.A2015063.FireMask.tif,3742218_2015-01-08_RE3_3A_627058.tif,3742218_2016-01-02_RE5_3A_627058.tif
4314,2015-03-04,MCD14A1.A2015063.FireMask.tif,3742218_2015-01-08_RE3_3A_627058.tif,3742218_2016-01-02_RE5_3A_627058.tif
4315,2015-03-04,MCD14A1.A2015063.FireMask.tif,3742218_2015-01-08_RE3_3A_627058.tif,3742218_2016-01-02_RE5_3A_627058.tif
4316,2015-03-04,MCD14A1.A2015063.FireMask.tif,3742218_2015-01-08_RE3_3A_627058.tif,3742218_2016-01-02_RE5_3A_627058.tif
2149,2015-03-05,MCD14A1.A2015064.FireMask.tif,3742318_2014-11-11_RE2_3A_627058.tif,3742318_2015-03-11_RE3_3A_627058.tif
2150,2015-03-05,MCD14A1.A2015064.FireMask.tif,3742318_2014-11-11_RE2_3A_627058.tif,3742318_2015-03-11_RE3_3A_627058.tif
2151,2015-03-05,MCD14A1.A2015064.FireMask.tif,3742318_2014-11-11_RE2_3A_627058.tif,3742318_2015-03-11_RE3_3A_627058.tif
2152,2015-03-05,MCD14A1.A2015064.FireMask.tif,3742318_2014-11-11_RE2_3A_627058.tif,3742318_2015-03-11_RE3_3A_627058.tif
2153,2015-03-05,MCD14A1.A2015064.FireMask.tif,3742318_2014-11-11_RE2_3A_627058.tif,3742318_2015-03-11_RE3_3A_627058.tif
2211,2015-03-05,MCD14A1.A2015064.FireMask.tif,3742318_2014-11-11_RE2_3A_627058.tif,3742318_2015-03-11_RE3_3A_627058.tif
2212,2015-03-05,MCD14A1.A2015064.FireMask.tif,3742318_2014-11-11_RE2_3A_627058.tif,3742318_2015-03-11_RE3_3A_627058.tif
2213,2015-03-05,MCD14A1.A2015064.FireMask.tif,3742318_2014-11-11_RE2_3A_627058.tif,3742318_2015-03-11_RE3_3A_627058.tif
2214,2015-03-05,MCD14A1.A2015064.FireMask.tif,3742318_2014-11-11_RE2_3A_627058.tif,3742318_2015-03-11_RE3_3A_627058.tif
2215,2015-03-05,MCD14A1.A2015064.FireMask.tif,3742318_2014-11-11_RE2_3A_627058.tif,3742318_2015-03-11_RE3_3A_627058.tif
2216,2015-03-05,MCD14A1.A2015064.FireMask.tif,3742318_2014-11-11_RE2_3A_627058.tif,3742318_2015-03-11_RE3_3A_627058.tif
2217,2015-03-05,MCD14A1.A2015064.FireMask.tif,3742318_2014-11-11_RE2_3A_627058.tif,3742318_2015-03-11_RE3_3A_627058.tif
2218,2015-03-05,MCD14A1.A2015064.FireMask.tif,3742318_2014-11-11_RE2_3A_627058.tif,3742318_2015-03-11_RE3_3A_627058.tif
2219,2015-03-05,MCD14A1.A2015064.FireMask.tif,3742318_2014-11-11_RE2_3A_627058.tif,3742318_2015-03-11_RE3_3A_627058.tif
2220,2015-03-05,MCD14A1.A2015064.FireMask.tif,3742318_2014-11-11_RE2_3A_627058.tif,3742318_2015-03-11_RE3_3A_627058.tif
2221,2015-03-05,MCD14A1.A2015064.FireMask.tif,3742318_2014-11-11_RE2_3A_627058.tif,3742318_2015-03-11_RE3_3A_627058.tif
2222,2015-03-05,MCD14A1.A2015064.FireMask.tif,3742318_2014-11-11_RE2_3A_627058.tif,3742318_2015-03-11_RE3_3A_627058.tif
2223,2015-03-05,MCD14A1.A2015064.FireMask.tif,3742318_2014-11-11_RE2_3A_627058.tif,3742318_2015-03-11_RE3_3A_627058.tif
2281,2015-03-05,MCD14A1.A2015064.FireMask.tif,3742318_2014-11-11_RE2_3A_627058.tif,3742318_2015-03-11_RE3_3A_627058.tif
2282,2015-03-05,MCD14A1.A2015064.FireMask.tif,3742318_2014-11-11_RE2_3A_627058.tif,3742318_2015-03-11_RE3_3A_627058.tif
2283,2015-03-05,MCD14A1.A2015064.FireMask.tif,3742318_2014-11-11_RE2_3A_627058.tif,3742318_2015-03-11_RE3_3A_627058.tif
2284,2015-03-05,MCD14A1.A2015064.FireMask.tif,3742318_2014-11-11_RE2_3A_627058.tif,3742318_2015-03-11_RE3_3A_627058.tif
2285,2015-03-05,MCD14A1.A2015064.FireMask.tif,3742318_2014-11-11_RE2_3A_627058.tif,3742318_2015-03-11_RE3_3A_627058.tif
2286,2015-03-05,MCD14A1.A2015064.FireMask.tif,3742318_2014-11-11_RE2_3A_627058.tif,3742318_2015-03-11_RE3_3A_627058.tif
2287,2015-03-05,MCD14A1.A2015064.FireMask.tif,3742318_2014-11-11_RE2_3A_627058.tif,3742318_2015-03-11_RE3_3A_627058.tif
2288,2015-03-05,MCD14A1.A2015064.FireMask.tif,3742318_2014-11-11_RE2_3A_627058.tif,3742318_2015-03-11_RE3_3A_627058.tif
2289,2015-03-05,MCD14A1.A2015064.FireMask.tif,3742318_2014-11-11_RE2_3A_627058.tif,3742318_2015-03-11_RE3_3A_627058.tif
2290,2015-03-05,MCD14A1.A2015064.FireMask.tif,3742318_2014-11-11_RE2_3A_627058.tif,3742318_2015-03-11_RE3_3A_627058.tif
2291,2015-03-05,MCD14A1.A2015064.FireMask.tif,3742318_2014-11-11_RE2_3A_627058.tif,3742318_2015-03-11_RE3_3A_627058.tif
2292,2015-03-05,MCD14A1.A2015064.FireMask.tif,3742318_2014-11-11_RE2_3A_627058.tif,3742318_2015-03-11_RE3_3A_627058.tif
2293,2015-03-05,MCD14A1.A2015064.FireMask.tif,3742318_2014-11-11_RE2_3A_627058.tif,3742318_2015-03-11_RE3_3A_627058.tif
2355,2015-03-05,MCD14A1.A2015064.FireMask.tif,3742318_2014-11-11_RE2_3A_627058.tif,3742318_2015-03-11_RE3_3A_627058.tif
2356,2015-03-05,MCD14A1.A2015064.FireMask.tif,3742318_2014-11-11_RE2_3A_627058.tif,3742318_2015-03-11_RE3_3A_627058.tif
2357,2015-03-05,MCD14A1.A2015064.FireMask.tif,3742318_2014-11-11_RE2_3A_627058.tif,3742318_2015-03-11_RE3_3A_627058.tif
2358,2015-03-05,MCD14A1.A2015064.FireMask.tif,3742318_2014-11-11_RE2_3A_627058.tif,3742318_2015-03-11_RE3_3A_627058.tif
2359,2015-03-05,MCD14A1.A2015064.FireMask.tif,3742318_2014-11-11_RE2_3A_627058.tif,3742318_2015-03-11_RE3_3A_627058.tif
2360,2015-03-05,MCD14A1.A2015064.FireMask.tif,3742318_2014-11-11_RE2_3A_627058.tif,3742318_2015-03-11_RE3_3A_627058.tif
2361,2015-03-05,MCD14A1.A2015064.FireMask.tif,3742318_2014-11-11_RE2_3A_627058.tif,3742318_2015-03-11_RE3_3A_627058.tif
2362,2015-03-05,MCD14A1.A2015064.FireMask.tif,3742318_2014-11-11_RE2_3A_627058.tif,3742318_2015-03-11_RE3_3A_627058.tif
2425,2015-03-05,MCD14A1.A2015064.FireMask.tif,3742318_2014-11-11_RE2_3A_627058.tif,3742318_2015-03-11_RE3_3A_627058.tif
2426,2015-03-05,MCD14A1.A2015064.FireMask.tif,3742318_2014-11-11_RE2_3A_627058.tif,3742318_2015-03-11_RE3_3A_627058.tif
2427,2015-03-05,MCD14A1.A2015064.FireMask.tif,3742318_2014-11-11_RE2_3A_627058.tif,3742318_2015-03-11_RE3_3A_627058.tif
2428,2015-03-05,MCD14A1.A2015064.FireMask.tif,3742318_2014-11-11_RE2_3A_627058.tif,3742318_2015-03-11_RE3_3A_627058.tif
2429,2015-03-05,MCD14A1.A2015064.FireMask.tif,3742318_2014-11-11_RE2_3A_627058.tif,3742318_2015-03-11_RE3_3A_627058.tif
2430,2015-03-05,MCD14A1.A2015064.FireMask.tif,3742318_2014-11-11_RE2_3A_627058.tif,3742318_2015-03-11_RE3_3A_627058.tif
2431,2015-03-05,MCD14A1.A2015064.FireMask.tif,3742318_2014-11-11_RE2_3A_627058.tif,3742318_2015-03-11_RE3_3A_627058.tif
2432,2015-03-05,MCD14A1.A2015064.FireMask.tif,3742318_2014-11-11_RE2_3A_627058.tif,3742318_2015-03-11_RE3_3A_627058.tif
2495,2015-03-05,MCD14A1.A2015064.FireMask.tif,3742318_2014-11-11_RE2_3A_627058.tif,3742318_2015-03-11_RE3_3A_627058.tif
2496,2015-03-05,MCD14A1.A2015064.FireMask.tif,3742318_2014-11-11_RE2_3A_627058.tif,3742318_2015-03-11_RE3_3A_627058.tif
2497,2015-03-05,MCD14A1.A2015064.FireMask.tif,3742318_2014-11-11_RE2_3A_627058.tif,3742318_2015-03-11_RE3_3A_627058.tif
2498,2015-03-05,MCD14A1.A2015064.FireMask.tif,3742318_2014-11-11_RE2_3A_627058.tif,3742318_2015-03-11_RE3_3A_627058.tif
2499,2015-03-05,MCD14A1.A2015064.FireMask.tif,3742318_2014-11-11_RE2_3A_627058.tif,3742318_2015-03-11_RE3_3A_627058.tif
2565,2015-03-05,MCD14A1.A2015064.FireMask.tif,3742218_2015-01-08_RE3_3A_627058.tif,3742318_2015-03-11_RE3_3A_627058.tif
2566,2015-03-05,MCD14A1.A2015064.FireMask.tif,3742218_2015-01-08_RE3_3A_627058.tif,3742318_2015-03-11_RE3_3A_627058.tif
2567,2015-03-05,MCD14A1.A2015064.FireMask.tif,3742218_2015-01-08_RE3_3A_627058.tif,3742318_2015-03-11_RE3_3A_627058.tif
3885,2015-03-05,MCD14A1.A2015064.FireMask.tif,3742218_2015-01-08_RE3_3A_627058.tif,3742218_2016-01-02_RE5_3A_627058.tif
3886,2015-03-05,MCD14A1.A2015064.FireMask.tif,3742218_2015-01-08_RE3_3A_627058.tif,3742218_2016-01-02_RE5_3A_627058.tif
3887,2015-03-05,MCD14A1.A2015064.FireMask.tif,3742218_2015-01-08_RE3_3A_627058.tif,3742218_2016-01-02_RE5_3A_627058.tif
3888,2015-03-05,MCD14A1.A2015064.FireMask.tif,3742218_2015-01-08_RE3_3A_627058.tif,3742218_2016-01-02_RE5_3A_627058.tif
3951,2015-03-05,MCD14A1.A2015064.FireMask.tif,3742217_2015-01-08_RE3_3A_627058.tif,3742217_2015-12-09_RE5_3A_627058.tif
3952,2015-03-05,MCD14A1.A2015064.FireMask.tif,3742218_2015-01-08_RE3_3A_627058.tif,3742218_2016-01-02_RE5_3A_627058.tif
3953,2015-03-05,MCD14A1.A2015064.FireMask.tif,3742218_2015-01-08_RE3_3A_627058.tif,3742218_2016-01-02_RE5_3A_627058.tif
3954,2015-03-05,MCD14A1.A2015064.FireMask.tif,3742218_2015-01-08_RE3_3A_627058.tif,3742218_2016-01-02_RE5_3A_627058.tif
3955,2015-03-05,MCD14A1.A2015064.FireMask.tif,3742218_2015-01-08_RE3_3A_627058.tif,3742218_2016-01-02_RE5_3A_627058.tif
3956,2015-03-05,MCD14A1.A2015064.FireMask.tif,3742218_2015-01-08_RE3_3A_627058.tif,3742218_2016-01-02_RE5_3A_627058.tif
3957,2015-03-05,MCD14A1.A2015064.FireMask.tif,3742218_2015-01-08_RE3_3A_627058.tif,3742218_2016-01-02_RE5_3A_627058.tif
3958,2015-03-05,MCD14A1.A2015064.FireMask.tif,3742218_2015-01-08_RE3_3A_627058.tif,3742218_2016-01-02_RE5_3A_627058.tif
4021,2015-03-05,MCD14A1.A2015064.FireMask.tif,3742217_2015-01-08_RE3_3A_627058.tif,3742217_2015-12-09_RE5_3A_627058.tif
4022,2015-03-05,MCD14A1.A2015064.FireMask.tif,3742218_2015-01-08_RE3_3A_627058.tif,3742218_2016-01-02_RE5_3A_627058.tif
4023,2015-03-05,MCD14A1.A2015064.FireMask.tif,3742218_2015-01-08_RE3_3A_627058.tif,3742218_2016-01-02_RE5_3A_627058.tif
4024,2015-03-05,MCD14A1.A2015064.FireMask.tif,3742218_2015-01-08_RE3_3A_627058.tif,3742218_2016-01-02_RE5_3A_627058.tif
4025,2015-03-05,MCD14A1.A2015064.FireMask.tif,3742218_2015-01-08_RE3_3A_627058.tif,3742218_2016-01-02_RE5_3A_627058.tif
4026,2015-03-05,MCD14A1.A2015064.FireMask.tif,3742218_2015-01-08_RE3_3A_627058.tif,3742218_2016-01-02_RE5_3A_627058.tif
4027,2015-03-05,MCD14A1.A2015064.FireMask.tif,3742218_2015-01-08_RE3_3A_627058.tif,3742218_2016-01-02_RE5_3A_627058.tif
2213,2015-03-06,MCD14A1.A2015065.FireMask.tif,3742318_2014-11-11_RE2_3A_627058.tif,3742318_2015-03-11_RE3_3A_627058.tif
2214,2015-03-06,MCD14A1.A2015065.FireMask.tif,3742318_2014-11-11_RE2_3A_627058.tif,3742318_2015-03-11_RE3_3A_627058.tif
2282,2015-03-06,MCD14A1.A2015065.FireMask.tif,3742318_2014-11-11_RE2_3A_627058.tif,3742318_2015-03-11_RE3_3A_627058.tif
2283,2015-03-06,MCD14A1.A2015065.FireMask.tif,3742318_2014-11-11_RE2_3A_627058.tif,3742318_2015-03-11_RE3_3A_627058.tif
2284,2015-03-06,MCD14A1.A2015065.FireMask.tif,3742318_2014-11-11_RE2_3A_627058.tif,3742318_2015-03-11_RE3_3A_627058.tif
2497,2015-03-06,MCD14A1.A2015065.FireMask.tif,3742318_2014-11-11_RE2_3A_627058.tif,3742318_2015-03-11_RE3_3A_627058.tif
2498,2015-03-06,MCD14A1.A2015065.FireMask.tif,3742318_2014-11-11_RE2_3A_627058.tif,3742318_2015-03-11_RE3_3A_627058.tif
2499,2015-03-06,MCD14A1.A2015065.FireMask.tif,3742318_2014-11-11_RE2_3A_627058.tif,3742318_2015-03-11_RE3_3A_627058.tif
2567,2015-03-06,MCD14A1.A2015065.FireMask.tif,3742218_2015-01-08_RE3_3A_627058.tif,3742318_2015-03-11_RE3_3A_627058.tif
2568,2015-03-06,MCD14A1.A2015065.FireMask.tif,3742218_2015-01-08_RE3_3A_627058.tif,3742318_2015-03-11_RE3_3A_627058.tif
2569,2015-03-06,MCD14A1.A2015065.FireMask.tif,3742218_2015-01-08_RE3_3A_627058.tif,3742318_2015-03-11_RE3_3A_627058.tif
2637,2015-03-06,MCD14A1.A2015065.FireMask.tif,3742218_2015-01-08_RE3_3A_627058.tif,3742318_2015-03-11_RE3_3A_627058.tif
2638,2015-03-06,MCD14A1.A2015065.FireMask.tif,3742218_2015-01-08_RE3_3A_627058.tif,3742318_2015-03-11_RE3_3A_627058.tif
2639,2015-03-06,MCD14A1.A2015065.FireMask.tif,3742218_2015-01-08_RE3_3A_627058.tif,3742318_2015-03-11_RE3_3A_627058.tif
2991,2015-03-06,MCD14A1.A2015065.FireMask.tif,3742218_2015-01-08_RE3_3A_627058.tif,3742218_2016-01-02_RE5_3A_627058.tif
3061,2015-03-06,MCD14A1.A2015065.FireMask.tif,3742218_2015-01-08_RE3_3A_627058.tif,3742218_2016-01-02_RE5_3A_627058.tif
3131,2015-03-06,MCD14A1.A2015065.FireMask.tif,3742218_2015-01-08_RE3_3A_627058.tif,3742218_2016-01-02_RE5_3A_627058.tif
2153,2015-03-07,MCD14A1.A2015066.FireMask.tif,3742318_2014-11-11_RE2_3A_627058.tif,3742318_2015-03-11_RE3_3A_627058.tif
2154,2015-03-07,MCD14A1.A2015066.FireMask.tif,3742318_2014-11-11_RE2_3A_627058.tif,3742318_2015-03-11_RE3_3A_627058.tif
2155,2015-03-07,MCD14A1.A2015066.FireMask.tif,3742318_2014-11-11_RE2_3A_627058.tif,3742318_2015-03-11_RE3_3A_627058.tif
2221,2015-03-07,MCD14A1.A2015066.FireMask.tif,3742318_2014-11-11_RE2_3A_627058.tif,3742318_2015-03-11_RE3_3A_627058.tif
2222,2015-03-07,MCD14A1.A2015066.FireMask.tif,3742318_2014-11-11_RE2_3A_627058.tif,3742318_2015-03-11_RE3_3A_627058.tif
2223,2015-03-07,MCD14A1.A2015066.FireMask.tif,3742318_2014-11-11_RE2_3A_627058.tif,3742318_2015-03-11_RE3_3A_627058.tif
2224,2015-03-07,MCD14A1.A2015066.FireMask.tif,3742318_2014-11-11_RE2_3A_627058.tif,3742318_2015-03-11_RE3_3A_627058.tif
2225,2015-03-07,MCD14A1.A2015066.FireMask.tif,3742318_2014-11-11_RE2_3A_627058.tif,3742318_2015-03-11_RE3_3A_627058.tif
2328,2015-03-07,MCD14A1.A2015066.FireMask.tif,3742317_2015-01-08_RE3_3A_627058.tif,3742317_2015-12-09_RE5_3A_627058.tif
2398,2015-03-07,MCD14A1.A2015066.FireMask.tif,3742317_2015-01-08_RE3_3A_627058.tif,3742317_2015-12-09_RE5_3A_627058.tif
2467,2015-03-07,MCD14A1.A2015066.FireMask.tif,3742317_2015-01-08_RE3_3A_627058.tif,3742317_2015-12-09_RE5_3A_627058.tif
2468,2015-03-07,MCD14A1.A2015066.FireMask.tif,3742317_2015-01-08_RE3_3A_627058.tif,3742317_2015-12-09_RE5_3A_627058.tif
3886,2015-03-07,MCD14A1.A2015066.FireMask.tif,3742218_2015-01-08_RE3_3A_627058.tif,3742218_2016-01-02_RE5_3A_627058.tif
3887,2015-03-07,MCD14A1.A2015066.FireMask.tif,3742218_2015-01-08_RE3_3A_627058.tif,3742218_2016-01-02_RE5_3A_627058.tif
3888,2015-03-07,MCD14A1.A2015066.FireMask.tif,3742218_2015-01-08_RE3_3A_627058.tif,3742218_2016-01-02_RE5_3A_627058.tif
3889,2015-03-07,MCD14A1.A2015066.FireMask.tif,3742218_2015-01-08_RE3_3A_627058.tif,3742218_2016-01-02_RE5_3A_627058.tif
3957,2015-03-07,MCD14A1.A2015066.FireMask.tif,3742218_2015-01-08_RE3_3A_627058.tif,3742218_2016-01-02_RE5_3A_627058.tif
3958,2015-03-07,MCD14A1.A2015066.FireMask.tif,3742218_2015-01-08_RE3_3A_627058.tif,3742218_2016-01-02_RE5_3A_627058.tif
3959,2015-03-07,MCD14A1.A2015066.FireMask.tif,3742218_2015-01-08_RE3_3A_627058.tif,3742218_2016-01-02_RE5_3A_627058.tif
2290,2015-03-08,MCD14A1.A2015067.FireMask.tif,3742318_2014-11-11_RE2_3A_627058.tif,3742318_2015-03-11_RE3_3A_627058.tif
2291,2015-03-08,MCD14A1.A2015067.FireMask.tif,3742318_2014-11-11_RE2_3A_627058.tif,3742318_2015-03-11_RE3_3A_627058.tif
2292,2015-03-08,MCD14A1.A2015067.FireMask.tif,3742318_2014-11-11_RE2_3A_627058.tif,3742318_2015-03-11_RE3_3A_627058.tif
2346,2015-03-08,MCD14A1.A2015067.FireMask.tif,3742318_2014-11-11_RE2_3A_627058.tif,3742318_2015-03-11_RE3_3A_627058.tif
2347,2015-03-08,MCD14A1.A2015067.FireMask.tif,3742318_2014-11-11_RE2_3A_627058.tif,3742318_2015-03-11_RE3_3A_627058.tif
2348,2015-03-08,MCD14A1.A2015067.FireMask.tif,3742318_2014-11-11_RE2_3A_627058.tif,3742318_2015-03-11_RE3_3A_627058.tif
2351,2015-03-08,MCD14A1.A2015067.FireMask.tif,3742318_2014-11-11_RE2_3A_627058.tif,3742318_2015-03-11_RE3_3A_627058.tif
2352,2015-03-08,MCD14A1.A2015067.FireMask.tif,3742318_2014-11-11_RE2_3A_627058.tif,3742318_2015-03-11_RE3_3A_627058.tif
2353,2015-03-08,MCD14A1.A2015067.FireMask.tif,3742318_2014-11-11_RE2_3A_627058.tif,3742318_2015-03-11_RE3_3A_627058.tif
2360,2015-03-08,MCD14A1.A2015067.FireMask.tif,3742318_2014-11-11_RE2_3A_627058.tif,3742318_2015-03-11_RE3_3A_627058.tif
2361,2015-03-08,MCD14A1.A2015067.FireMask.tif,3742318_2014-11-11_RE2_3A_627058.tif,3742318_2015-03-11_RE3_3A_627058.tif
2362,2015-03-08,MCD14A1.A2015067.FireMask.tif,3742318_2014-11-11_RE2_3A_627058.tif,3742318_2015-03-11_RE3_3A_627058.tif
2416,2015-03-08,MCD14A1.A2015067.FireMask.tif,3742318_2014-11-11_RE2_3A_627058.tif,3742318_2015-03-11_RE3_3A_627058.tif
2417,2015-03-08,MCD14A1.A2015067.FireMask.tif,3742318_2014-11-11_RE2_3A_627058.tif,3742318_2015-03-11_RE3_3A_627058.tif
2421,2015-03-08,MCD14A1.A2015067.FireMask.tif,3742318_2014-11-11_RE2_3A_627058.tif,3742318_2015-03-11_RE3_3A_627058.tif
2422,2015-03-08,MCD14A1.A2015067.FireMask.tif,3742318_2014-11-11_RE2_3A_627058.tif,3742318_2015-03-11_RE3_3A_627058.tif
2423,2015-03-08,MCD14A1.A2015067.FireMask.tif,3742318_2014-11-11_RE2_3A_627058.tif,3742318_2015-03-11_RE3_3A_627058.tif
2430,2015-03-08,MCD14A1.A2015067.FireMask.tif,3742318_2014-11-11_RE2_3A_627058.tif,3742318_2015-03-11_RE3_3A_627058.tif
2431,2015-03-08,MCD14A1.A2015067.FireMask.tif,3742318_2014-11-11_RE2_3A_627058.tif,3742318_2015-03-11_RE3_3A_627058.tif
2432,2015-03-08,MCD14A1.A2015067.FireMask.tif,3742318_2014-11-11_RE2_3A_627058.tif,3742318_2015-03-11_RE3_3A_627058.tif
2465,2015-03-08,MCD14A1.A2015067.FireMask.tif,3742317_2015-01-08_RE3_3A_627058.tif,3742317_2015-12-09_RE5_3A_627058.tif
2466,2015-03-08,MCD14A1.A2015067.FireMask.tif,3742317_2015-01-08_RE3_3A_627058.tif,3742317_2015-12-09_RE5_3A_627058.tif
2467,2015-03-08,MCD14A1.A2015067.FireMask.tif,3742317_2015-01-08_RE3_3A_627058.tif,3742317_2015-12-09_RE5_3A_627058.tif
2487,2015-03-08,MCD14A1.A2015067.FireMask.tif,3742318_2014-11-11_RE2_3A_627058.tif,3742318_2015-03-11_RE3_3A_627058.tif
2488,2015-03-08,MCD14A1.A2015067.FireMask.tif,3742318_2014-11-11_RE2_3A_627058.tif,3742318_2015-03-11_RE3_3A_627058.tif
2489,2015-03-08,MCD14A1.A2015067.FireMask.tif,3742318_2014-11-11_RE2_3A_627058.tif,3742318_2015-03-11_RE3_3A_627058.tif
2490,2015-03-08,MCD14A1.A2015067.FireMask.tif,3742318_2014-11-11_RE2_3A_627058.tif,3742318_2015-03-11_RE3_3A_627058.tif
2491,2015-03-08,MCD14A1.A2015067.FireMask.tif,3742318_2014-11-11_RE2_3A_627058.tif,3742318_2015-03-11_RE3_3A_627058.tif
2492,2015-03-08,MCD14A1.A2015067.FireMask.tif,3742318_2014-11-11_RE2_3A_627058.tif,3742318_2015-03-11_RE3_3A_627058.tif
2493,2015-03-08,MCD14A1.A2015067.FireMask.tif,3742318_2014-11-11_RE2_3A_627058.tif,3742318_2015-03-11_RE3_3A_627058.tif
2494,2015-03-08,MCD14A1.A2015067.FireMask.tif,3742318_2014-11-11_RE2_3A_627058.tif,3742318_2015-03-11_RE3_3A_627058.tif
2498,2015-03-08,MCD14A1.A2015067.FireMask.tif,3742318_2014-11-11_RE2_3A_627058.tif,3742318_2015-03-11_RE3_3A_627058.tif
2499,2015-03-08,MCD14A1.A2015067.FireMask.tif,3742318_2014-11-11_RE2_3A_627058.tif,3742318_2015-03-11_RE3_3A_627058.tif
2500,2015-03-08,MCD14A1.A2015067.FireMask.tif,3742318_2014-11-11_RE2_3A_627058.tif,3742318_2015-03-11_RE3_3A_627058.tif
2501,2015-03-08,MCD14A1.A2015067.FireMask.tif,3742318_2014-11-11_RE2_3A_627058.tif,3742318_2015-03-11_RE3_3A_627058.tif
2502,2015-03-08,MCD14A1.A2015067.FireMask.tif,3742318_2014-11-11_RE2_3A_627058.tif,3742318_2015-03-11_RE3_3A_627058.tif
2503,2015-03-08,MCD14A1.A2015067.FireMask.tif,3742318_2014-11-11_RE2_3A_627058.tif,3742318_2015-03-11_RE3_3A_627058.tif
2536,2015-03-08,MCD14A1.A2015067.FireMask.tif,3742217_2015-01-08_RE3_3A_627058.tif,3742217_2015-12-09_RE5_3A_627058.tif
2537,2015-03-08,MCD14A1.A2015067.FireMask.tif,3742217_2015-01-08_RE3_3A_627058.tif,3742217_2015-12-09_RE5_3A_627058.tif
2556,2015-03-08,MCD14A1.A2015067.FireMask.tif,3742218_2015-01-08_RE3_3A_627058.tif,3742318_2015-03-11_RE3_3A_627058.tif
2557,2015-03-08,MCD14A1.A2015067.FireMask.tif,3742218_2015-01-08_RE3_3A_627058.tif,3742318_2015-03-11_RE3_3A_627058.tif
2558,2015-03-08,MCD14A1.A2015067.FireMask.tif,3742218_2015-01-08_RE3_3A_627058.tif,3742318_2015-03-11_RE3_3A_627058.tif
2559,2015-03-08,MCD14A1.A2015067.FireMask.tif,3742218_2015-01-08_RE3_3A_627058.tif,3742318_2015-03-11_RE3_3A_627058.tif
2560,2015-03-08,MCD14A1.A2015067.FireMask.tif,3742218_2015-01-08_RE3_3A_627058.tif,3742318_2015-03-11_RE3_3A_627058.tif
2561,2015-03-08,MCD14A1.A2015067.FireMask.tif,3742218_2015-01-08_RE3_3A_627058.tif,3742318_2015-03-11_RE3_3A_627058.tif
2562,2015-03-08,MCD14A1.A2015067.FireMask.tif,3742218_2015-01-08_RE3_3A_627058.tif,3742318_2015-03-11_RE3_3A_627058.tif
2563,2015-03-08,MCD14A1.A2015067.FireMask.tif,3742218_2015-01-08_RE3_3A_627058.tif,3742318_2015-03-11_RE3_3A_627058.tif
2568,2015-03-08,MCD14A1.A2015067.FireMask.tif,3742218_2015-01-08_RE3_3A_627058.tif,3742318_2015-03-11_RE3_3A_627058.tif
2569,2015-03-08,MCD14A1.A2015067.FireMask.tif,3742218_2015-01-08_RE3_3A_627058.tif,3742318_2015-03-11_RE3_3A_627058.tif
2570,2015-03-08,MCD14A1.A2015067.FireMask.tif,3742218_2015-01-08_RE3_3A_627058.tif,3742318_2015-03-11_RE3_3A_627058.tif
2571,2015-03-08,MCD14A1.A2015067.FireMask.tif,3742218_2015-01-08_RE3_3A_627058.tif,3742318_2015-03-11_RE3_3A_627058.tif
2572,2015-03-08,MCD14A1.A2015067.FireMask.tif,3742218_2015-01-08_RE3_3A_627058.tif,3742318_2015-03-11_RE3_3A_627058.tif
2573,2015-03-08,MCD14A1.A2015067.FireMask.tif,3742218_2015-01-08_RE3_3A_627058.tif,3742318_2015-03-11_RE3_3A_627058.tif
2606,2015-03-08,MCD14A1.A2015067.FireMask.tif,3742217_2015-01-08_RE3_3A_627058.tif,3742217_2015-12-09_RE5_3A_627058.tif
2631,2015-03-08,MCD14A1.A2015067.FireMask.tif,3742218_2015-01-08_RE3_3A_627058.tif,3742318_2015-03-11_RE3_3A_627058.tif
2632,2015-03-08,MCD14A1.A2015067.FireMask.tif,3742218_2015-01-08_RE3_3A_627058.tif,3742318_2015-03-11_RE3_3A_627058.tif
2633,2015-03-08,MCD14A1.A2015067.FireMask.tif,3742218_2015-01-08_RE3_3A_627058.tif,3742318_2015-03-11_RE3_3A_627058.tif
2641,2015-03-08,MCD14A1.A2015067.FireMask.tif,3742218_2015-01-08_RE3_3A_627058.tif,3742318_2015-03-11_RE3_3A_627058.tif
2642,2015-03-08,MCD14A1.A2015067.FireMask.tif,3742218_2015-01-08_RE3_3A_627058.tif,3742318_2015-03-11_RE3_3A_627058.tif
2643,2015-03-08,MCD14A1.A2015067.FireMask.tif,3742218_2015-01-08_RE3_3A_627058.tif,3742318_2015-03-11_RE3_3A_627058.tif
2927,2015-03-08,MCD14A1.A2015067.FireMask.tif,3742218_2015-01-08_RE3_3A_627058.tif,3742218_2016-01-02_RE5_3A_627058.tif
2928,2015-03-08,MCD14A1.A2015067.FireMask.tif,3742218_2015-01-08_RE3_3A_627058.tif,3742218_2016-01-02_RE5_3A_627058.tif
2998,2015-03-08,MCD14A1.A2015067.FireMask.tif,3742218_2015-01-08_RE3_3A_627058.tif,3742218_2016-01-02_RE5_3A_627058.tif
2283,2015-03-09,MCD14A1.A2015068.FireMask.tif,3742318_2014-11-11_RE2_3A_627058.tif,3742318_2015-03-11_RE3_3A_627058.tif
2353,2015-03-09,MCD14A1.A2015068.FireMask.tif,3742318_2014-11-11_RE2_3A_627058.tif,3742318_2015-03-11_RE3_3A_627058.tif
2423,2015-03-09,MCD14A1.A2015068.FireMask.tif,3742318_2014-11-11_RE2_3A_627058.tif,3742318_2015-03-11_RE3_3A_627058.tif
2491,2015-03-09,MCD14A1.A2015068.FireMask.tif,3742318_2014-11-11_RE2_3A_627058.tif,3742318_2015-03-11_RE3_3A_627058.tif
3447,2015-03-09,MCD14A1.A2015068.FireMask.tif,3742217_2015-01-08_RE3_3A_627058.tif,3742217_2015-12-09_RE5_3A_627058.tif
3448,2015-03-09,MCD14A1.A2015068.FireMask.tif,3742217_2015-01-08_RE3_3A_627058.tif,3742217_2015-12-09_RE5_3A_627058.tif
3895,2015-03-10,MCD14A1.A2015069.FireMask.tif,3742218_2015-01-08_RE3_3A_627058.tif,3742218_2016-01-02_RE5_3A_627058.tif
2578,2015-03-11,MCD14A1.A2015070.FireMask.tif,3742218_2015-01-08_RE3_3A_627058.tif,3742318_2015-12-07_RE3_3A_627058.tif
3895,2015-03-11,MCD14A1.A2015070.FireMask.tif,3742218_2015-01-08_RE3_3A_627058.tif,3742218_2016-01-02_RE5_3A_627058.tif
3896,2015-03-11,MCD14A1.A2015070.FireMask.tif,3742218_2015-01-08_RE3_3A_627058.tif,3742218_2016-01-02_RE5_3A_627058.tif
3372,2015-03-14,MCD14A1.A2015073.FireMask.tif,3742217_2015-01-08_RE3_3A_627058.tif,3742217_2015-12-09_RE5_3A_627058.tif
3373,2015-03-14,MCD14A1.A2015073.FireMask.tif,3742217_2015-01-08_RE3_3A_627058.tif,3742217_2015-12-09_RE5_3A_627058.tif
3441,2015-03-14,MCD14A1.A2015073.FireMask.tif,3742217_2015-01-08_RE3_3A_627058.tif,3742217_2015-12-09_RE5_3A_627058.tif
3442,2015-03-14,MCD14A1.A2015073.FireMask.tif,3742217_2015-01-08_RE3_3A_627058.tif,3742217_2015-12-09_RE5_3A_627058.tif
3443,2015-03-14,MCD14A1.A2015073.FireMask.tif,3742217_2015-01-08_RE3_3A_627058.tif,3742217_2015-12-09_RE5_3A_627058.tif
3444,2015-03-14,MCD14A1.A2015073.FireMask.tif,3742217_2015-01-08_RE3_3A_627058.tif,3742217_2015-12-09_RE5_3A_627058.tif
1406,2015-03-16,MCD14A1.A2015075.FireMask.tif,3742317_2015-01-08_RE3_3A_627058.tif,3742317_2015-12-09_RE5_3A_627058.tif
1407,2015-03-16,MCD14A1.A2015075.FireMask.tif,3742317_2015-01-08_RE3_3A_627058.tif,3742317_2015-12-09_RE5_3A_627058.tif
2265,2015-03-18,MCD14A1.A2015077.FireMask.tif,3742317_2015-01-08_RE3_3A_627058.tif,3742317_2015-12-09_RE5_3A_627058.tif
2266,2015-03-18,MCD14A1.A2015077.FireMask.tif,3742317_2015-01-08_RE3_3A_627058.tif,3742317_2015-12-09_RE5_3A_627058.tif
2334,2015-03-18,MCD14A1.A2015077.FireMask.tif,3742317_2015-01-08_RE3_3A_627058.tif,3742317_2015-12-09_RE5_3A_627058.tif
2335,2015-03-18,MCD14A1.A2015077.FireMask.tif,3742317_2015-01-08_RE3_3A_627058.tif,3742317_2015-12-09_RE5_3A_627058.tif
2336,2015-03-18,MCD14A1.A2015077.FireMask.tif,3742317_2015-01-08_RE3_3A_627058.tif,3742317_2015-12-09_RE5_3A_627058.tif
2404,2015-03-18,MCD14A1.A2015077.FireMask.tif,3742317_2015-01-08_RE3_3A_627058.tif,3742317_2015-12-09_RE5_3A_627058.tif
2405,2015-03-18,MCD14A1.A2015077.FireMask.tif,3742317_2015-01-08_RE3_3A_627058.tif,3742317_2015-12-09_RE5_3A_627058.tif
2406,2015-03-18,MCD14A1.A2015077.FireMask.tif,3742317_2015-01-08_RE3_3A_627058.tif,3742317_2015-12-09_RE5_3A_627058.tif
2611,2015-04-05,MCD14A1.A2015095.FireMask.tif,3742217_2015-01-08_RE3_3A_627058.tif,3742217_2015-12-09_RE5_3A_627058.tif
2681,2015-04-05,MCD14A1.A2015095.FireMask.tif,3742217_2015-01-08_RE3_3A_627058.tif,3742217_2015-12-09_RE5_3A_627058.tif
2751,2015-04-05,MCD14A1.A2015095.FireMask.tif,3742217_2015-01-08_RE3_3A_627058.tif,3742217_2015-12-09_RE5_3A_627058.tif
2540,2015-04-10,MCD14A1.A2015100.FireMask.tif,3742217_2015-01-08_RE3_3A_627058.tif,3742217_2015-12-09_RE5_3A_627058.tif
2541,2015-04-10,MCD14A1.A2015100.FireMask.tif,3742217_2015-01-08_RE3_3A_627058.tif,3742217_2015-12-09_RE5_3A_627058.tif
2610,2015-04-10,MCD14A1.A2015100.FireMask.tif,3742217_2015-01-08_RE3_3A_627058.tif,3742217_2015-12-09_RE5_3A_627058.tif
2679,2015-04-28,MCD14A1.A2015118.FireMask.tif,3742217_2015-01-08_RE3_3A_627058.tif,3742217_2015-12-09_RE5_3A_627058.tif
2838,2015-06-06,MCD14A1.A2015157.FireMask.tif,3742218_2015-01-08_RE3_3A_627058.tif,3742218_2016-01-02_RE5_3A_627058.tif
1546,2016-03-11,MCD14A1.A2016071.FireMask.tif,3742317_2015-12-09_RE5_3A_627058.tif,3742317_2016-03-13_RE5_3A_627058.tif
1547,2016-03-11,MCD14A1.A2016071.FireMask.tif,3742317_2015-12-09_RE5_3A_627058.tif,3742317_2016-03-13_RE5_3A_627058.tif
